State,Year,Rice,Wheat,Cereals,Pulses,Food-grains,Oilseeds,Cotton,Sugarcane,Raw Jute & Mesta
Andhra Pradesh,2022-23   ,8542.3,,2753.5,993.4,12289.2,616.1,1578.9,3121.5,11.3
Andhra Pradesh,2021-22   ,7763.6,,2258.4,1054.5,11076.5,548.9,1707.6,3645.4,11
Andhra Pradesh,2020-21   ,7882.9,,2321.6,1094.6,11299,804.6,1600.6,4138.6,10.4
Andhra Pradesh,2019-20   ,8658.9,,2531.2,1166.7,12356.8,901.2,2508,6724,21.3
Andhra Pradesh,2018-19   ,8234.7,,1864.5,739.6,10838.8,504.4,1491,8094.6,30.3
Andhra Pradesh,2017-18   ,8166.2,,2776.1,1217.4,12159.8,1096.7,2087,7789.6,47.2
Andhra Pradesh,2016-17   ,7452.4,,1982,931,10365.4,664.2,1564,7830,63
Andhra Pradesh,2015-16   ,7488.7,,1916,1229,10633.7,873,1888,9353,44
Andhra Pradesh,2014-15   ,7233.9,6,2310.2,950,10494.1,597.2,2841,13150,50
Andhra Pradesh,2013-14   ,6969.7,4,2486.8,1061.8,10522.3,1022.7,1411.1,15385,83
Andhra Pradesh,2012-13   ,6862.4,1,2433.6,1132.7,10429.8,928.3,2025.2,15567,127
Andhra Pradesh,2011-12   ,7746.2,11,2188.3,933.6,10868.1,723.8,4900,16686,202
Andhra Pradesh,2010-11   ,7882.4,1,2205,964.1,11052.5,1332.3,5300,14964,223
Andhra Pradesh,2009-10   ,10538,10,3318,1429,15295,1500,3227,11708,191.9
Andhra Pradesh,2008-09   ,14241,16,4716,1448,20421,2189.1,3569,15380,295
Andhra Pradesh,2007-08   ,13324,8,4274,1697,19303,3390,3491,20296,501
Andhra Pradesh,2006-07   ,11872,9,3001,1347,16229,1362,2181,21692,544
Andhra Pradesh,2005-06   ,11704,9,3862,1376,16951,2041,2108,17656,455
Andhra Pradesh,2004-05   ,9601,5,2771,1019,13396,2209.4,2190,15739,458
Andhra Pradesh,2003-04   ,8953,7,3498,1239,13697,1614.1,1890,15070,470
Andhra Pradesh,2002-03   ,7327,14,2251,1061.6,10653.6,1256.3,1085.7,15387.2,613
Andhra Pradesh,2001-02   ,11389.8,9,2299,1137.7,14835.5,1614,1877,18082,671.5
Andhra Pradesh,2000-01   ,12458,8,2509,1054.2,16029.2,2510.9,1662.7,17690.1,687
Andhra Pradesh,1999-00   ,10637.8,9,2249.2,800.2,13696.2,1382.7,1595,18508,623.2
Andhra Pradesh,1998-99   ,11878,6,2194,827,14905,2465.8,1522,16503.3,542
Andhra Pradesh,1997-98   ,8510,6,1790.6,606.9,10913.5,1424.1,1320.4,13955,562
Andhra Pradesh,1996-97   ,10686,9,2142.2,838,13675.2,2396.2,1878.4,15030,699
Andhra Pradesh,1995-96   ,9014.2,7.8,1873.4,1358.3,12253.7,3039.9,1610.1,15179.5,630.3
Andhra Pradesh,1994-95   ,9276.7,8.4,1826,1101.5,12212.6,2110.1,1425.6,16046,629.5
Andhra Pradesh,1993-94   ,9562,5.9,2008.6,1175.7,12752.2,2899.6,1349.2,13474.2,491.5
Andhra Pradesh,1992-93   ,8792.2,7.6,2118.8,1364.2,12282.8,2312.7,1147.3,12163.2,491.4
Andhra Pradesh,1991-92   ,9249.4,6.8,1657.4,1405.7,12319.3,2490,1290.5,15056.7,664.5
Andhra Pradesh,1990-91   ,9654,9,1971.1,1248.8,12882.9,2542.3,1110.1,12667.3,655.9
Andhra Pradesh,1989-90   ,9959.1,8.5,2122.2,1240.8,13330.6,2266,931.3,11134,586.5
Andhra Pradesh,1988-89   ,10621.1,9.5,1577.1,1279.9,13487.6,2310.4,565.6,10766.6,496.7
Andhra Pradesh,1987-88   ,7087.1,4.9,2150.7,1239.3,10482,2085.9,536.8,9490.2,287.5
Andhra Pradesh,1986-87   ,6591.5,4.8,1949.9,1132.4,9678.6,1436.3,609.3,8807.6,541.2
Andhra Pradesh,1985-86   ,7613.5,7.4,2123.9,629,10373.8,1439.4,743.1,9674.6,737.4
Andhra Pradesh,1984-85   ,6909.1,7.9,2196.3,501.8,9615.1,1367.9,984.4,9791.1,490
Andhra Pradesh,1983-84   ,8790.7,14,2510.5,566.1,11881.3,1839,1018.7,9742.9,582.2
Andhra Pradesh,1982-83   ,7671.3,13,2902.8,585.2,11172.3,1255.7,624,12606.3,512.9
Andhra Pradesh,1981-82   ,7867.9,11.5,3067.1,466.6,11413.1,1547,663.4,14961.5,750
Andhra Pradesh,1980-81   ,7011.4,5.9,2559.9,414.5,9991.7,928.1,750,10053.9,676.3
Arunachal Pradesh,2021-22   ,252.4,7.9,113.4,14.5,388.2,37.8,,46.3,
Arunachal Pradesh,2020-21   ,247.1,7.7,107.9,14.3,377.1,37.3,,46.4,
Arunachal Pradesh,2019-20   ,244.7,6.7,107.6,14.2,373.2,37.1,,39.2,
Arunachal Pradesh,2018-19   ,240,7.7,105.4,12,365.2,37,,45.8,
Arunachal Pradesh,2017-18   ,233.3,7.7,104.5,13.5,359.1,37,,38.4,
Arunachal Pradesh,2016-17   ,220,7.7,102.5,13.1,343.3,36.6,,37.7,
Arunachal Pradesh,2015-16   ,204,7.7,102.8,13,327.5,36.4,,40.8,
Arunachal Pradesh,2014-15   ,285,7.5,102,14.5,409,33.9,,29.7,
Arunachal Pradesh,2013-14   ,276.2,4.5,92.8,11.2,384.6,31.4,,30.4,
Arunachal Pradesh,2012-13   ,263,4.4,91.6,10.6,369.6,30.8,,30.2,
Arunachal Pradesh,2011-12   ,255,6.5,90.5,10.5,362.5,33,,30,
Arunachal Pradesh,2010-11   ,234,5.9,84.7,9.1,333.7,29.1,,29,
Arunachal Pradesh,2009-10   ,215.8,4.8,78.6,9.7,308.9,28.3,,27.1,
Arunachal Pradesh,2008-09   ,163.9,5.2,77.7,9,255.8,30.5,,23.4,
Arunachal Pradesh,2007-08   ,158.1,5.3,76.8,8.3,248.5,25.6,,21.8,
Arunachal Pradesh,2006-07   ,146.2,6.3,84.9,8.3,245.7,22.7,,16.8,
Arunachal Pradesh,2005-06   ,146.2,6.1,80.3,8.3,240.9,22.7,,16.8,
Arunachal Pradesh,2004-05   ,135,8.7,76.4,6.8,226.9,27,,14.1,
Arunachal Pradesh,2003-04   ,154.6,6.3,75.8,7.4,244.1,27.3,,15.2,
Arunachal Pradesh,2002-03   ,152.5,6.3,75.8,7.7,242.3,28.2,,15.3,
Arunachal Pradesh,2001-02   ,134.6,5.3,70.4,7.1,217.4,28.2,,18.9,
Arunachal Pradesh,2000-01   ,132.7,6.2,69.6,6.8,215.3,25.6,,,
Arunachal Pradesh,1999-00   ,134.8,5.1,65.4,4.9,210.2,25.7,,,
Arunachal Pradesh,1998-99   ,114.1,4.4,62.6,6.8,187.9,23.9,,,
Arunachal Pradesh,1997-98   ,129.5,5.7,68,6.8,210,23,,,
Arunachal Pradesh,1996-97   ,129.4,6.1,64.3,6.7,206.5,22.9,,,
Arunachal Pradesh,1995-96   ,124.5,7.3,66,5.7,203.5,23.8,,,
Arunachal Pradesh,1994-95   ,105.8,7.6,74.2,5.6,193.2,23.5,,,
Arunachal Pradesh,1993-94   ,144,8.5,74.2,5.3,232,25.2,,,
Arunachal Pradesh,1992-93   ,116.9,6.4,65.8,5.3,194.4,23.8,,,
Arunachal Pradesh,1991-92   ,143.1,6.8,65.4,4.5,219.8,19.9,,,
Arunachal Pradesh,1990-91   ,142.5,6.7,65.1,4.2,218.5,19.8,,,
Arunachal Pradesh,1989-90   ,138.8,6.4,64.2,0,209.4,17.8,,,
Arunachal Pradesh,1988-89   ,135.8,4.5,57.1,0,197.4,15.4,,,
Arunachal Pradesh,1987-88   ,134,9,51,0,194,15.5,3.3,,
Arunachal Pradesh,1986-87   ,125.1,6.9,55,0,187,15.5,3.3,,
Arunachal Pradesh,1985-86   ,130,4.4,54.5,0,188.9,13.8,3.3,,
Arunachal Pradesh,1984-85   ,117.6,6.6,48.8,0,173,8.1,0.1,,
Arunachal Pradesh,1983-84   ,110.7,6.1,45.3,0,162.1,7.9,0.1,,
Arunachal Pradesh,1982-83   ,97.4,4.2,45.5,0,147.1,7.2,0.1,,
Arunachal Pradesh,1981-82   ,94.2,4,41.7,0,139.9,6.6,0.1,,
Arunachal Pradesh,1980-81   ,88.2,3.8,39,0,131,6.1,0.1,,
Assam,2022-23   ,4979.8,26,147.5,81.9,5235.1,198.2,0.4,1157.5,790
Assam,2021-22   ,4382.1,11.4,173.4,110.8,4677.7,200.5,0.4,1160,761.5
Assam,2020-21   ,5214.8,12.9,151.2,108.7,5487.5,199.9,0.4,1093.1,794.2
Assam,2019-20   ,4984.6,14.4,131.3,106.1,5236.4,192.4,,1218.1,811.7
Assam,2018-19   ,5220.6,23.7,108,113.5,5465.9,198.4,,1093.9,781.4
Assam,2017-18   ,5283.7,24.7,101.8,115.8,5525.9,200.6,,1143,861.5
Assam,2016-17   ,4727.4,23.5,94.1,107.5,4952.5,204.3,,1207.2,824.1
Assam,2015-16   ,5125.1,34.3,91.6,107.6,5358.6,215.2,,1038.3,894.1
Assam,2014-15   ,5222.7,28.8,96.4,111,5458.8,205.7,,1099.1,793.2
Assam,2013-14   ,4927.1,40.4,25,104.3,5096.8,186.3,,1075.2,746.6
Assam,2012-13   ,5128.5,44.2,23.5,84.4,5280.6,186.8,,1028.2,583.1
Assam,2011-12   ,4516.3,60.3,18.2,68.6,4663.3,149.5,,993.5,638.8
Assam,2010-11   ,4736.6,52.8,17,70.1,4876.5,153.6,,1075,650.7
Assam,2009-10   ,4335.9,63.5,17.2,64.6,4481.2,144.7,0.8,1059,735.5
Assam,2008-09   ,4008.5,54.6,15.4,64.5,4143,137.9,0.6,1099.7,674.3
Assam,2007-08   ,3319,71,17,63,3470,139,0.6,980,683.7
Assam,2006-07   ,2916,67,18,59,3060,134,0.6,1055,583.3
Assam,2005-06   ,3552.5,53.7,17.6,54,3677.8,113.2,0.6,871.2,603.6
Assam,2004-05   ,3470.7,68.1,18,61.4,3618.2,146.8,1,883.9,435.8
Assam,2003-04   ,3880,73,18,64,4035,157,1,981,692
Assam,2002-03   ,3738,78,18,60,3894,149,1,916,716
Assam,2001-02   ,3854,85.3,18,65.7,4023,156,1,1011.4,699
Assam,2000-01   ,3998.5,85.7,20,62.3,4166.5,160,0.8,988,692.7
Assam,1999-00   ,3861,98,19,64,4042,147.6,1,1155,684
Assam,1998-99   ,3254.8,90.5,19.5,69.2,3434,154.2,0.8,1223.6,712.8
Assam,1997-98   ,3382.9,110.1,20.1,64.5,3577.6,173.9,0.8,1287.6,933.1
Assam,1996-97   ,3328.2,117.1,18.4,68.4,3532.1,159.5,0.8,1490.3,829.8
Assam,1995-96   ,3390,95.1,19,102.5,3606.6,155.7,0.8,1490.3,870.8
Assam,1994-95   ,3309.1,103.6,17.1,106.7,3536.5,163.7,0.8,1505,950.9
Assam,1993-94   ,3361.1,100.8,16.1,101.4,3579.4,144.7,0.8,1373.9,702.3
Assam,1992-93   ,3299.7,78.7,17.5,91.9,3487.8,149.7,0.9,1547.7,1063.5
Assam,1991-92   ,3197.2,111.2,17.5,96.1,3422,189.6,1,1454,901.3
Assam,1990-91   ,3270.2,104.8,18.3,48.5,3441.8,169.3,1,1522,900.8
Assam,1989-90   ,2794.8,87.5,17.8,51,2951.1,146.2,1.1,1666.5,828.9
Assam,1988-89   ,2439.3,122.3,15.7,51.1,2628.4,166.5,1.1,1864.4,711.3
Assam,1987-88   ,2715.8,105.8,16.6,60.9,2899.1,179.9,1.4,1882.8,926.4
Assam,1986-87   ,2385.3,125.8,16.4,60.5,2588,160.5,1.4,2116.9,994.9
Assam,1985-86   ,2846.6,100.5,17.2,66.2,3030.5,150.1,1.6,1971.4,1231.6
Assam,1984-85   ,2438,154.8,18.2,59.5,2670.5,136.9,1.6,2687.2,882.4
Assam,1983-84   ,2514.5,127.9,15.9,50.6,2708.9,153.2,1.9,2159,905.4
Assam,1982-83   ,2583.3,121,16.2,52.8,2773.3,135.3,1.8,2075.9,1006.2
Assam,1981-82   ,2235.6,115.6,15.7,52.2,2419.1,112,2,2152.5,1003
Assam,1980-81   ,2522.8,118.3,17.5,47.1,2705.7,111.9,2,1723.2,961.4
Bihar,2022-23   ,6725.2,6360.2,3059,363.9,16508.3,136.8,,12059.9,799.5
Bihar,2021-22   ,7716.9,6223.8,2689.5,388,17018.2,121.5,,12025.6,852.1
Bihar,2020-21   ,6747,6149.7,2109.1,376.8,15382.6,124.1,,12109.8,787.5
Bihar,2019-20   ,6298,5579.7,2020.9,334.4,14233,124.7,,13578.8,802.1
Bihar,2018-19   ,6155.5,6465.6,2525.4,453.5,15600.1,125,,20116.3,1084.5
Bihar,2017-18   ,8093.1,6104.3,2385.2,454.2,17036.9,124.3,,13824.6,1280
Bihar,2016-17   ,8239.3,5110.8,2719.1,461.7,16530.8,125.9,,13036,1571
Bihar,2015-16   ,6802.2,4736.4,2548.6,420.7,14507.9,126.5,,12649.3,1630
Bihar,2014-15   ,6356.7,3987,2371,493.9,13208.6,127,,14034.1,1637.1
Bihar,2013-14   ,5505.8,4738,2139.9,522,12905.8,146.2,,12881.8,1745.1
Bihar,2012-13   ,7529.3,5357.2,2510.3,542.8,15939.6,143.3,,12741.4,1717.7
Bihar,2011-12   ,7162.6,4725,1648.3,511.3,14047.2,139.5,,11288.6,1738.8
Bihar,2010-11   ,3102.1,4097.6,1484.5,537.8,9221.9,136.3,,12763.6,1310.4
Bihar,2009-10   ,3599.3,4570.8,1508,472.5,10150.6,144.6,,5032.6,1277.7
Bihar,2008-09   ,5590.3,4410,1751.3,469.1,12220.7,138,,4959.9,1220.1
Bihar,2007-08   ,4418.1,4450.4,1498.5,497.1,10864.1,137.9,,3854.9,1464.9
Bihar,2006-07   ,4989.3,3911.4,1759.7,438.2,11098.6,147.4,,5955.5,1389.8
Bihar,2005-06   ,3495.5,3239,1405.5,446.8,8586.8,136.5,,4337.9,1386.6
Bihar,2004-05   ,2472.2,3263.4,1501.9,466.9,7704.4,116.9,,4111.7,1180.2
Bihar,2003-04   ,5447.8,3688.9,1513.3,562.6,11212.6,123.8,,4285.9,1286.3
Bihar,2002-03   ,5085.5,4040.6,1397.7,560.9,11084.7,104.9,,4520.5,1093.8
Bihar,2001-02   ,5202.9,4391.1,1541.1,547,11682.1,120.2,,5211.1,1101.7
Bihar,2000-01   ,5442.6,4438,1555,620.7,12056.3,131.1,,3987.6,1380
Bihar,1999-00   ,7251.9,4687.1,1701.7,746.9,14387.6,139.5,,4088.5,1276.2
Bihar,1998-99   ,6769.4,4403.7,1660.5,792.3,13625.9,173.9,,5101.1,816.9
Bihar,1997-98   ,7133.2,4848.7,1441.5,661.7,14085.1,150.9,,4959.9,1463.1
Bihar,1996-97   ,3323.9,4560.7,1830.8,745.4,10460.8,135,,5842.5,1640
Bihar,1995-96   ,6640,4238.9,1513.8,952.9,13345.6,142.2,0.1,5484.8,1167.2
Bihar,1994-95   ,6297.9,4275,1608.5,1331.2,13512.6,144.1,0.5,5663.3,1134.4
Bihar,1993-94   ,6108.5,4356.7,1575.4,1216.1,13256.7,151.4,0.2,4397.9,1024.9
Bihar,1992-93   ,3641.2,3449.5,1298.4,1207.8,9596.9,117.6,0.2,6031.6,1942.8
Bihar,1991-92   ,4753.2,3594.3,1440.5,1447.4,11235.4,164.6,0.6,7076.6,1414
Bihar,1990-91   ,6563.5,3560.4,1219.2,1575.3,12918.4,149.5,0.5,7805.3,1194.2
Bihar,1989-90   ,6348.9,3270.2,1379.3,1439.5,12437.9,140.1,0.2,6694.1,1092.9
Bihar,1988-89   ,6351,3557,1252.5,1350,12510.5,119.4,0.4,5482.8,1284
Bihar,1987-88   ,4674.5,3257,909.1,1339,10179.6,118.5,1.5,4545.7,1047.8
Bihar,1986-87   ,6044.5,2861.3,1128.6,1487.3,11521.7,124.3,0.5,3729,1260.7
Bihar,1985-86   ,6015.7,2935.6,1116.8,887.4,10955.5,127.1,0.5,4001,1918.4
Bihar,1984-85   ,5376.5,3032.3,1121.4,798.3,10328.5,140.8,0.6,3736.9,1039
Bihar,1983-84   ,4966.5,2935.2,1139.1,834,9874.8,143,0.6,3884.6,1131.6
Bihar,1982-83   ,3065,2426.1,1122.9,702.2,7316.2,113.7,0.7,4463.7,872.7
Bihar,1981-82   ,4256.9,2201.8,1009.6,770.7,8239,112.1,0.6,4180.4,979.1
Bihar,1980-81   ,5635.1,2305.7,1137.4,833,9911.2,109.7,0.6,3480.4,883.3
Chhattisgarh,2022-23   ,8238.3,191.2,398.6,422.4,9250.5,91.6,8.3,2398.3,0.6
Chhattisgarh,2021-22   ,8021.7,191.9,423.1,386.9,9023.6,104.3,7.5,1958,0.9
Chhattisgarh,2020-21   ,7161.2,248.4,368.4,447.5,8225.5,121.5,8.4,1756.4,1.3
Chhattisgarh,2019-20   ,6774.8,115.3,370.5,241.3,7501.8,159,,1759,1.9
Chhattisgarh,2018-19   ,6526.9,162.7,331.5,537.5,7558.6,145.9,,1452.1,2.1
Chhattisgarh,2017-18   ,4930.8,130.7,347.2,550,5958.7,122.9,,1158.5,2.1
Chhattisgarh,2016-17   ,8048.4,159.5,357.5,758.7,9324.1,169.9,,848,1.9
Chhattisgarh,2015-16   ,5789.4,137.4,215.5,511.9,6654.2,149.6,,67.8,2.3
Chhattisgarh,2014-15   ,6322.1,135.3,267.2,738.5,7463.1,174.2,,49.3,2.1
Chhattisgarh,2013-14   ,6716.4,134,263.1,484.5,7598,185.4,,22.1,2.2
Chhattisgarh,2012-13   ,6608.8,141.3,244.7,648.7,7643.6,215,,37.3,2.6
Chhattisgarh,2011-12   ,6028.4,133.1,209.9,499.1,6870.5,169.5,,24.4,3
Chhattisgarh,2010-11   ,6159,126.8,231.9,537.5,7055.2,217.2,,21.8,3.2
Chhattisgarh,2009-10   ,4110.4,121.9,181.8,488.7,4902.8,200.4,0.3,29.2,2.5
Chhattisgarh,2008-09   ,4391.8,92.5,184.4,498.6,5167.3,193.5,0.1,25.4,2.8
Chhattisgarh,2007-08   ,5426.6,98.8,229.7,536.8,6291.9,192.6,0.1,27.5,2.7
Chhattisgarh,2006-07   ,5041.4,91.7,178.3,493.6,5805,161.4,0.2,18.7,2.9
Chhattisgarh,2005-06   ,5011.6,90.7,159.3,453.2,5714.8,126.5,0.4,16.4,3
Chhattisgarh,2004-05   ,4383.3,82.4,189.5,367.8,5023,123.7,0.8,15.6,2
Chhattisgarh,2003-04   ,5567.6,108.6,212.9,580.7,6469.8,127,0.2,13.3,2.5
Chhattisgarh,2002-03   ,2634.9,98.6,175.5,365.7,3274.7,100.7,0.1,10,2
Chhattisgarh,2001-02   ,5073.7,103.5,153.8,448.4,5779.4,112.6,0.4,9,2.8
Chhattisgarh,2000-01   ,2369.3,79.5,185,267.5,2901.3,88.5,,8.6,2.8
Goa,2021-22   ,90.4,,,3,93.5,0.2,,35.3,
Goa,2020-21   ,87.3,,,3.7,91.1,0.2,,35.6,
Goa,2019-20   ,90.4,,,3.9,94.2,0.4,,53.7,
Goa,2018-19   ,98.8,,,6.3,105.2,1,,35.3,
Goa,2017-18   ,103,,,4.8,107.8,3.5,,,
Goa,2016-17   ,113.2,,,5.9,119.1,,,,
Goa,2015-16   ,115.1,,,0.3,115.3,,,,
Goa,2014-15   ,120.5,,0,8.1,128.6,,,,
Goa,2013-14   ,126.5,,0,8.9,135.5,6.6,,47.7,
Goa,2012-13   ,122.8,,0.1,9,131.8,7.5,,46,
Goa,2011-12   ,121.8,,0.1,8.3,130.2,8,,46.6,
Goa,2010-11   ,115,,0.1,8,123.1,8.3,,49.1,
Goa,2009-10   ,100.6,,0.8,8.5,109.9,8.1,,52.3,
Goa,2008-09   ,123.3,,0.8,10.2,134.3,8.2,,49.3,
Goa,2007-08   ,121.6,,0.7,11.3,133.6,7,,56,
Goa,2006-07   ,130.3,,0.8,16.3,147.4,4.6,,58,
Goa,2005-06   ,147.3,,1,11.5,159.8,7.9,,55.9,
Goa,2004-05   ,145.2,,1.1,9.4,155.7,5.4,,60.6,
Goa,2003-04   ,170.7,,1.2,9.2,181.1,5.7,,57.6,
Goa,2002-03   ,134.8,,1.1,7.5,143.4,4.3,,65.5,
Goa,2001-02   ,126.5,,1.1,8.4,136,2.5,,70.6,
Goa,2000-01   ,142.1,,1.3,9.6,153,3.2,,72.8,
Goa,1999-00   ,208.9,,1.9,9,219.8,2.3,,68.4,
Goa,1998-99   ,151.2,,3.7,9.5,164.4,2.5,,64,
Goa,1997-98   ,147.5,,3.1,7.8,158.4,2.5,,62.4,
Goa,1996-97   ,148,,3.9,7.9,159.8,2.7,,58,
Goa,1995-96   ,128.1,,3,5.4,136.5,1.9,,55,
Goa,1994-95   ,133,,2.9,4.8,140.7,2.1,,53.7,
Goa,1993-94   ,137.8,,3.6,5.1,146.5,2,,71.4,
Goa,1992-93   ,140.4,,4.3,4.6,149.3,1.7,,80.4,
Goa,1991-92   ,137.2,,4.8,5.1,147.1,1.5,,88,
Goa,1990-91   ,134.2,,3.8,0,138,1,,84,
Goa,1989-90   ,138,,3.8,0,141.8,1.5,,81.7,
Goa,1988-89   ,129.2,,3.3,0,132.5,1.4,,60,
Goa,1987-88   ,111.1,,0.9,0,112,1.4,,86,
Goa,1986-87   ,72.7,,0.9,0,73.6,0,,80,
Goa,1985-86   ,125.2,,10.4,0,135.6,0,,67.2,
Goa,1984-85   ,0,,12.4,0,12.4,0,,79.8,
Goa,1983-84   ,0,,7.8,0,7.8,0,,66.8,
Goa,1982-83   ,0,,8.2,0,8.2,0,,64.1,
Goa,1981-82   ,0,,9.3,0,9.3,0,,59.8,
Goa,1980-81   ,0,,8.2,0,8.2,0,,58.1,
Gujarat,2022-23   ,2395.2,3645.8,2045.6,1890.8,9977.4,7132.1,9496.5,14686.5,
Gujarat,2021-22   ,2101.1,3333.2,1995.3,2701.1,10130.7,6892.9,7509.3,17459.1,
Gujarat,2020-21   ,2145.7,3259.5,1759.6,1809.2,8973.9,6188.9,7212.2,16954.7,
Gujarat,2019-20   ,1983.1,3326.8,1786.3,1057.3,8153.4,6653.3,8617,11570,
Gujarat,2018-19   ,1912.1,2407.4,1802.8,681.3,6803.6,3733.6,6279,11326.4,
Gujarat,2017-18   ,1890.9,3069,1782.2,922.6,7664.7,5860.2,10187,12072.1,
Gujarat,2016-17   ,1930,2737,1937,818,7422,4789.3,8575,11950,
Gujarat,2015-16   ,1702,2484,1549.7,543.6,6279.3,4179.1,9400,11120,
Gujarat,2014-15   ,1830.9,3059,1644.9,574.5,7109.3,4886.9,10500,14330,
Gujarat,2013-14   ,1636,4694,2120.6,729,9179.6,6870.4,10150,12550,
Gujarat,2012-13   ,1541,2944,1999,572.2,7056.2,2705,8850,12690,
Gujarat,2011-12   ,1790,4072,2232.3,780,8874.3,5035,12000,12750,
Gujarat,2010-11   ,1496.6,4019.5,2102.6,723,8341.6,4896.1,10400,13760,
Gujarat,2009-10   ,1292,2352,1600,517,5761,3097,7986.3,12400,
Gujarat,2008-09   ,1303,2593,1976,609,6481,4015.9,7013.8,15510,
Gujarat,2007-08   ,1474,3838,2151,743,8206,4725,8276,15190,
Gujarat,2006-07   ,1390,3000,1516,593,6499,2569,8787,15630,
Gujarat,2005-06   ,1298,2473,1836,547,6154,4682,6772,14580,
Gujarat,2004-05   ,1238.2,1805.5,1734.5,479.3,5257.5,2986.9,4724.8,14570,
Gujarat,2003-04   ,1277,2036.5,2635.4,622.4,6571.3,5665,4026.9,12669.1,
Gujarat,2002-03   ,541.7,856.6,1840.8,327.2,3566.3,1683.1,1684.6,14071.3,
Gujarat,2001-02   ,1040.1,1144.7,2341,379.8,4905.6,3635.5,1702.7,12464.6,
Gujarat,2000-01   ,472.7,649,1226.6,190.7,2539,1661.6,1161.4,12694.7,
Gujarat,1999-00   ,984.9,1020,1641.3,405.6,4051.8,1726.2,2085.6,14066.2,
Gujarat,1998-99   ,1015.8,1702.6,2214.8,633.5,5566.7,3886.3,3903,13566.3,
Gujarat,1997-98   ,1042.3,1647,2407.2,613.3,5709.8,3837.6,3180,11836.2,
Gujarat,1996-97   ,946,1336,2262.8,663.8,5208.6,3807.1,2657.7,11404.3,
Gujarat,1995-96   ,826.6,1123.5,1696.4,581.2,4227.7,2164.4,2202,10511.2,
Gujarat,1994-95   ,942.1,1962.4,1823.9,664.9,5393.3,3706.9,2269.3,10785,
Gujarat,1993-94   ,838.6,928.2,1473.1,626.2,3866.1,1572.4,1622.8,10232,
Gujarat,1992-93   ,829.6,1360.2,2571.8,859.6,5621.2,3185.6,1988.5,10872.1,
Gujarat,1991-92   ,690.6,905.7,1403.5,485.2,3485,1643.7,1180.7,10239.4,
Gujarat,1990-91   ,791.1,1443.7,1982.1,761.9,4978.8,2106.2,1322.9,10599.7,
Gujarat,1989-90   ,817.3,1101.7,2301.4,729.1,4949.5,2486.9,1755.5,9159.8,
Gujarat,1988-89   ,866,1512.5,2455.8,644.6,5478.9,3594.2,1469.9,7907.1,
Gujarat,1987-88   ,279.4,351.2,595,159.7,1385.3,398.2,295.3,6077.8,
Gujarat,1986-87   ,446,661.7,1752.6,287.6,3147.9,1674.1,1093.4,5565.9,
Gujarat,1985-86   ,454.2,782.8,1160.7,338.3,8751.7,880,1986.7,6489.6,
Gujarat,1984-85   ,838.1,1329.3,2533.7,555.9,10633.5,2214.6,2068.8,7582.3,
Gujarat,1983-84   ,754.3,1627,2803.6,558.7,10710.1,2377.7,1444.5,7746.3,
Gujarat,1982-83   ,488.9,1352.3,2082.3,472.7,7461.2,1785.3,1547.5,6695.4,
Gujarat,1981-82   ,736.7,1407.3,2595.1,349.5,9345.5,2518.1,2095.3,5022.8,
Gujarat,1980-81   ,556.6,1298.3,2353.7,266.5,10110.2,1861.8,1713.7,4435.2,
Haryana,2022-23   ,5406.9,11128.3,1283.3,60.3,17878.8,1431,1000.5,8860.5,
Haryana,2021-22   ,4618,10447.2,1158.4,106.1,16329.7,1400.7,1316.1,8822.6,
Haryana,2020-21   ,4424.9,12394.4,1417.6,72.7,18309.5,1348.6,1822.9,8531.7,
Haryana,2019-20   ,4824.3,11876.4,1098.4,64.4,17863.5,1175.2,2484,7730.4,
Haryana,2018-19   ,4516.1,12574,972.8,82.1,18145,1277.3,2013,8505,
Haryana,2017-18   ,4523.4,10765.3,833.8,69.4,16191.8,1122.6,1627,9632.9,
Haryana,2016-17   ,4453,11546.8,1087,75.9,17162.7,964.5,2041,8223,
Haryana,2015-16   ,4145,11352,796,65.6,16358.6,829.7,993,6692,
Haryana,2014-15   ,4006,10354,819,56.1,15235.1,743.4,2300,7650,
Haryana,2013-14   ,3998,11800,1051,125.1,16974.1,899,2302,7499,
Haryana,2012-13   ,3976,11117,1003,130.4,16226.4,993.1,2500,7437,
Haryana,2011-12   ,3759,12685.7,1387,127,17958.7,771,2650,6959,
Haryana,2010-11   ,3472,11630,1369,158.5,16629.5,963.8,1750,6042,
Haryana,2009-10   ,3625,10500,1132,100,15357,877.5,1926,5335,
Haryana,2008-09   ,3298,10808.2,1329.4,177.8,15613.4,932.8,1858,5130,
Haryana,2007-08   ,3613,10236,1357,101.8,15307.8,642.8,1885,8860,
Haryana,2006-07   ,3371,10055,1197,140,14763,834.6,1814,9580,
Haryana,2005-06   ,3210,8857,813,118.1,12998.1,825.2,1499,8180,
Haryana,2004-05   ,3023,9058,882,146,13109,840.5,2075,8060,
Haryana,2003-04   ,2790,9114,1146,143.1,13193.1,997.8,1405,9280,
Haryana,2002-03   ,2468,9188,590,82.9,12328.9,711.7,1038,10650,
Haryana,2001-02   ,2726,9437,987,148.1,13298.1,806.9,722,9270,
Haryana,2000-01   ,2695,9669,831,99.4,13294.4,570.7,1383,8170,
Haryana,1999-00   ,2583,9650,754,76.2,13063.2,607,1304,7640,
Haryana,1998-99   ,2425,8568,777,353.2,12123.2,714.3,873,6880,
Haryana,1997-98   ,2556,7554,1063,374.7,11547.7,423.2,1129,7550,
Haryana,1996-97   ,2463,7826,814,345,11448,1004.8,1507,9020,
Haryana,1995-96   ,1847,7291,587,427.7,10152.7,782.9,1283,8090,
Haryana,1994-95   ,2227,7303,970,509,11009,863.2,1373,7010,
Haryana,1993-94   ,2057,7231,497,483,10268,869.7,1124,6420,
Haryana,1992-93   ,1869,7083,969,346.2,10267.2,588.4,1406,6550,
Haryana,1991-92   ,1812,6502,509,286.4,9109.4,827,1350,9000,
Haryana,1990-91   ,1834,6440,747,561.7,9582.7,646,1155,7800,
Haryana,1989-90   ,1698,5913,612,444.8,8667.8,435.8,1183,6750,
Haryana,1988-89   ,1437,6225,1168,691.5,9521.5,483.9,845,6580,
Haryana,1987-88   ,1073,4861,256,125.6,6315.6,333.4,690,4240,
Haryana,1986-87   ,1543,5055,558,505.1,7661.1,226.3,901,6740,
Haryana,1985-86   ,1636,5257,570,677.9,8140.9,282.3,745,5150,
Haryana,1984-85   ,1363,4421,697,356.7,6837.7,305.7,610,5190,
Haryana,1983-84   ,1325,4458,743,359.5,6885.5,164.7,575,5930,
Haryana,1982-83   ,1275,4347,713,314.7,6649.7,117.2,840,5500,
Haryana,1981-82   ,1250,3682,764,344.2,6040.2,150.5,680,5840,
Haryana,1980-81   ,1228,3492,820,504.7,6044.7,188.5,650,4660,
Himachal Pradesh,2022-23   ,119.2,564.7,683,75,1441.9,7.7,,24.2,
Himachal Pradesh,2021-22   ,167.5,548.9,815,75.2,1606.5,7.6,,22.6,
Himachal Pradesh,2020-21   ,140.5,570.3,764.5,60.2,1535.5,7.8,,22.7,
Himachal Pradesh,2019-20   ,143.8,563.4,767.7,55.2,1530.1,6.4,,32,
Himachal Pradesh,2018-19   ,114.9,564.6,767.5,54,1501,6.1,,33.3,
Himachal Pradesh,2017-18   ,114.8,565.7,750.3,57.5,1488.3,5.8,,36.7,
Himachal Pradesh,2016-17   ,146.6,704.2,826.4,63.3,1740.6,6.2,,21.1,
Himachal Pradesh,2015-16   ,129.9,667.6,777,40.6,1615.1,6.5,,38.7,
Himachal Pradesh,2014-15   ,125.2,646.5,622.1,38.3,1432,6.6,,37.6,
Himachal Pradesh,2013-14   ,120.8,670.7,685.9,51,1528.4,6.1,,35.7,
Himachal Pradesh,2012-13   ,125.3,608.6,700.8,46.1,1480.7,6.9,,42,
Himachal Pradesh,2011-12   ,131.6,595.8,752.1,30.8,1510.3,8.6,,28.3,
Himachal Pradesh,2010-11   ,128.9,546.5,704.1,41.6,1421.1,7.7,,38.3,
Himachal Pradesh,2009-10   ,105.9,327.1,563.5,20.7,1017.2,3.8,0,45.6,
Himachal Pradesh,2008-09   ,118.3,547.3,712.1,23.5,1401.2,5,0.1,53.1,
Himachal Pradesh,2007-08   ,121.5,504.4,896.2,36,1558.1,6.5,0.2,58.4,
Himachal Pradesh,2006-07   ,123.5,501.6,728.2,28.9,1382.2,7.1,0.1,59,
Himachal Pradesh,2005-06   ,112.1,679,570.7,19.6,1381.4,5.2,,25.1,
Himachal Pradesh,2004-05   ,122,684,788.2,18.1,1612.3,12,0.1,61.9,
Himachal Pradesh,2003-04   ,120.6,498,771.8,9,1399.4,9.2,,50,
Himachal Pradesh,2002-03   ,85.7,495.6,524.9,16.7,1122.9,8.2,0.1,49.1,
Himachal Pradesh,2001-02   ,137.4,637.1,814.8,11.1,1600.4,10,0.1,82.7,
Himachal Pradesh,2000-01   ,124.9,251.3,716.3,19.7,1112.2,10.1,0.1,60.5,
Himachal Pradesh,1999-00   ,120.4,583.3,725.8,14.8,1444.3,10.2,0.1,67.4,
Himachal Pradesh,1998-99   ,117.8,641.4,718.6,12.9,1490.7,9.9,0,120.2,
Himachal Pradesh,1997-98   ,120.4,641.3,666.9,12.6,1441.2,9.1,0.2,139.1,
Himachal Pradesh,1996-97   ,108.6,531,637.5,11.4,1288.5,9.4,0.3,70.3,
Himachal Pradesh,1995-96   ,111.2,537.1,703.3,14.8,1366.4,9.5,0.2,67,
Himachal Pradesh,1994-95   ,112.2,599.3,682,17.7,1411.2,8.2,0.4,53.5,
Himachal Pradesh,1993-94   ,101.9,412.6,706.1,12.2,1232.8,4.7,0.3,26.1,
Himachal Pradesh,1992-93   ,110.3,593.5,687,17.6,1408.4,7.4,0.3,28.7,
Himachal Pradesh,1991-92   ,103,595.8,627.6,18,1344.4,7.2,0.3,28.1,
Himachal Pradesh,1990-91   ,106.5,601.7,712.5,19.1,1439.8,5,0.2,31.7,
Himachal Pradesh,1989-90   ,94.5,543.7,719.9,15.7,1373.8,4.9,0.3,29.5,
Himachal Pradesh,1988-89   ,87.9,512.5,525.7,9.8,1135.9,4.9,0.1,20.1,
Himachal Pradesh,1987-88   ,76.1,351.2,439.6,6.7,873.6,3.1,0.1,20.1,
Himachal Pradesh,1986-87   ,105.6,450.7,607.3,13.3,1176.9,5.3,0.2,27.2,
Himachal Pradesh,1985-86   ,125.4,492,570.7,12.8,1200.9,5.3,0.5,27.1,
Himachal Pradesh,1984-85   ,117.2,269.5,613.4,7.4,1007.5,4,1.1,48.3,
Himachal Pradesh,1983-84   ,111.5,288.1,639.7,11.4,1050.7,6,0.9,57.8,
Himachal Pradesh,1982-83   ,73,434.9,455.5,9.2,972.6,5.6,0.8,28.8,
Himachal Pradesh,1981-82   ,96.3,430,515.7,12,1054,5.9,0.6,43.1,
Himachal Pradesh,1980-81   ,124.6,442.6,596.3,20,1183.5,5.8,0.9,48.5,
Jammu & Kashmir,2021-22   ,,,,,,,,,
Jammu & Kashmir,2020-21   ,581.5,483.9,519.6,10.1,1594.9,33,,0.1,
Jammu & Kashmir,2019-20   ,587,488.3,551.7,44.2,1671.2,42.3,,0,
Jammu & Kashmir,2018-19   ,615.8,671.9,594.2,10.6,1892.5,56.3,,0,
Jammu & Kashmir,2017-18   ,513.1,487.4,559.9,10.7,1571.1,39.4,,,
Jammu & Kashmir,2016-17   ,572.2,475.5,561,10.2,1618.9,28.6,,,
Jammu & Kashmir,2015-16   ,646.4,541.5,535.4,9.4,1732.7,32.6,,0.3,
Jammu & Kashmir,2014-15   ,517.2,314.3,379.5,9.2,1220.3,40.4,,2,
Jammu & Kashmir,2013-14   ,610.9,601.9,551.3,13.8,1777.9,58.8,,0,
Jammu & Kashmir,2012-13   ,818.1,462.4,537.3,14.2,1831.9,51.1,,,
Jammu & Kashmir,2011-12   ,544.7,500.3,528.1,13.2,1586.3,53.3,,0,
Jammu & Kashmir,2010-11   ,507.7,446.3,550.9,16.7,1521.6,53,,0,
Jammu & Kashmir,2009-10   ,497.4,289.9,513.3,13.6,1314.2,49.7,,0,
Jammu & Kashmir,2008-09   ,563.1,483.6,660.4,14.2,1721.3,49.6,,,
Jammu & Kashmir,2007-08   ,561.3,495.9,499.5,15.4,1572.1,53.3,,0.2,
Jammu & Kashmir,2006-07   ,554,492.2,512.3,14.2,1572.7,42.3,,0.8,
Jammu & Kashmir,2005-06   ,556.8,444,467.7,13.5,1482,2.7,,0.8,
Jammu & Kashmir,2004-05   ,492.2,474.4,517.3,15.1,1499,124.2,,0.5,
Jammu & Kashmir,2003-04   ,504.2,459.4,552.7,13.3,1529.6,42.1,,0.6,
Jammu & Kashmir,2002-03   ,421,401.9,485.5,14,1322.4,26.6,,0.6,
Jammu & Kashmir,2001-02   ,421.8,343.1,548.2,12.7,1325.8,41.8,,,
Jammu & Kashmir,2000-01   ,414.9,148.7,538,12.9,1114.5,28.1,,0,
Jammu & Kashmir,1999-00   ,391.1,434.3,489,14.1,1328.5,53.4,,0.4,
Jammu & Kashmir,1998-99   ,589.1,368.4,543.9,18.2,1519.6,51,,6,
Jammu & Kashmir,1997-98   ,549.3,396.5,455.8,18.4,1420,46.9,,6.5,
Jammu & Kashmir,1996-97   ,431.4,412.6,470.3,17,1331.3,47.8,,6.5,
Jammu & Kashmir,1995-96   ,508.5,399.2,549.8,28.5,1486,43.6,,7.7,
Jammu & Kashmir,1994-95   ,584.7,349.1,486.3,37.7,1457.8,26.5,0.2,7.4,
Jammu & Kashmir,1993-94   ,507,352.1,576.7,34.6,1470.4,44.2,0.2,11.2,
Jammu & Kashmir,1992-93   ,508.8,347.3,509.6,33.6,1399.3,47.7,0.2,11.2,
Jammu & Kashmir,1991-92   ,550.1,308,526.5,37.5,1422.1,45.9,0.1,11.9,
Jammu & Kashmir,1990-91   ,555.1,297.4,466.6,45.3,1364.4,36.4,0.5,18.2,
Jammu & Kashmir,1989-90   ,549.2,262.2,470,44.9,1326.3,43.4,0.5,18.2,
Jammu & Kashmir,1988-89   ,579.6,245.6,460.2,28.5,1313.9,28.5,0.1,21.6,
Jammu & Kashmir,1987-88   ,420.8,245.6,314.8,34.7,1015.9,31.1,0.4,11.5,
Jammu & Kashmir,1986-87   ,590.5,212,539.8,56.3,1398.6,62.6,0.6,17,
Jammu & Kashmir,1985-86   ,587.1,272.1,515.9,28.5,1403.6,69.9,0.7,18,
Jammu & Kashmir,1984-85   ,569,168.4,476.4,30.8,1244.6,62,0.6,24.1,
Jammu & Kashmir,1983-84   ,593,178.6,310.5,31.2,1113.3,57.4,1.2,22.8,
Jammu & Kashmir,1982-83   ,574.5,226.1,429.7,30.4,1260.7,50.9,1.3,22.1,
Jammu & Kashmir,1981-82   ,550.7,203.7,486.5,31.7,1272.6,69.1,1.3,22.8,
Jammu & Kashmir,1980-81   ,546.4,204.3,521.6,35,1307.3,64.3,1.3,29.7,
Jharkhand,2022-23   ,1399.8,379.8,513.2,761.1,3053.8,395.3,,,
Jharkhand,2021-22   ,2930.5,519.3,653.4,898.3,5001.5,398.2,,0,0
Jharkhand,2020-21   ,2752.9,544,669.5,905.4,4871.7,404.9,,0,0
Jharkhand,2019-20   ,3012.8,439.4,525.1,814.9,4792.3,288.5,,0,0
Jharkhand,2018-19   ,2893.9,302.6,468,735.2,4399.7,228.4,,0,0
Jharkhand,2017-18   ,4078,468.7,617.9,836.7,6001.3,297,,574.8,
Jharkhand,2016-17   ,3841.8,425.2,590.8,806.5,5664.4,264,,512.9,
Jharkhand,2015-16   ,2882.2,287.3,395.5,527,4092.1,176.5,,708.9,
Jharkhand,2014-15   ,3361.9,330.4,487.7,597.1,4777,177.6,,469.8,
Jharkhand,2013-14   ,2810.6,370.4,526.1,578.6,4285.7,182.9,,462.8,
Jharkhand,2012-13   ,3164.9,319.5,463.8,609.3,4557.5,197.2,,461.9,
Jharkhand,2011-12   ,3130.6,302.6,330.1,412,4175.3,155.5,,457.3,
Jharkhand,2010-11   ,1110,158.4,278.5,329.6,1876.6,113.7,,457.3,
Jharkhand,2009-10   ,1538.4,173.2,216.9,223.7,2152.2,79.5,,447,4.8
Jharkhand,2008-09   ,3420.2,153.9,333.9,280.7,4188.7,73.2,,348.8,0
Jharkhand,2007-08   ,3336.4,139.9,386.4,301.8,4164.5,68.8,,150,6
Jharkhand,2006-07   ,2967.8,128.9,332,258.1,3686.8,50,,142,6
Jharkhand,2005-06   ,1558,77.7,259.6,172.3,2067.6,8.5,,142,6
Jharkhand,2004-05   ,1677,150,324.1,160,2311.1,7,,141.6,6.3
Jharkhand,2003-04   ,2310,118,342,135,2905,8,,136,6.5
Jharkhand,2002-03   ,1381,104,274.7,133.5,1893.2,8.1,,140.6,
Jharkhand,2001-02   ,1821.7,115.4,261.8,43.3,2242.2,28,,144.9,9.4
Jharkhand,2000-01   ,1644.7,103.6,166.7,96,2011,28,,144.9,9.4
Karnataka,2022-23   ,4001.3,230.5,7299.6,2161.9,13693.3,1527.2,2541,62460,0
Karnataka,2021-22   ,4318.4,212.4,7274.3,1971.5,13776.5,1120.6,1954.6,61152,0
Karnataka,2020-21   ,4291.7,262.1,7931.2,2065,14550.1,1249.1,2320.1,42528,0
Karnataka,2019-20   ,3634.5,179.7,6813.6,2155.9,12783.7,1039.7,2330,38181,0
Karnataka,2018-19   ,3431,163.6,5519.9,1773.9,10888.4,782.6,1400,42408,0
Karnataka,2017-18   ,3017.1,230.2,6592.6,1951.2,11791.2,970.7,1844,31135.2,
Karnataka,2016-17   ,2604.8,171,5281,1737.9,9794.7,805.8,1010,27378,0.1
Karnataka,2015-16   ,3021,156,5608.2,1138.8,9924,749.7,2000,37833.8,
Karnataka,2014-15   ,3541,261,6946,1390,12138,959,2311,43776,1
Karnataka,2013-14   ,3572.6,210,6825.8,1600.5,12208.9,1162,1875,37905,
Karnataka,2012-13   ,3364,179,6061,1259.3,10863.3,919.6,1255,35732,
Karnataka,2011-12   ,3955,193,6813,1134.1,12095.1,942,1200,38808,1
Karnataka,2010-11   ,4188,279,7845.3,1565,13877.3,1270,1200,39657,1
Karnataka,2009-10   ,3691,251,5895,1118,10955,1005,868.2,30443,1
Karnataka,2008-09   ,3802,247,6254,972,11275,1212,866,23328,1
Karnataka,2007-08   ,3717,261,6943,1265,12186,1549,778,26240,1
Karnataka,2006-07   ,3446,205,5055,893,9599,1125,610,28669.7,1
Karnataka,2005-06   ,5744,217,6564,964,13489,1715,554,18267,2.7
Karnataka,2004-05   ,3547,179,5977,792,10495,1570,688,14276,2.9
Karnataka,2003-04   ,2550.3,96.2,3346.4,569.2,6562.1,934.1,264.6,16015.4,6.1
Karnataka,2002-03   ,2390.1,147.7,3433.2,693.6,6664.6,1073.8,330.9,32485.3,4.2
Karnataka,2001-02   ,3234,198.8,4512.4,751.5,8696.7,1019.9,612.4,33016.6,5.2
Karnataka,2000-01   ,3846.7,244,5939.1,956.2,10986,1541.7,855.2,42923.5,6.7
Karnataka,1999-00   ,3716.7,217.6,5076.3,848.7,9859.3,1192.8,664.5,37566.9,4.4
Karnataka,1998-99   ,3656.9,219.4,5373.4,746.9,9996.6,1677.6,976.9,34770.9,7.2
Karnataka,1997-98   ,3212.7,118.5,4219.1,456.5,8006.8,1203.4,721,28332.7,8.7
Karnataka,1996-97   ,3211.6,190.3,5081.7,722.2,9205.8,1756.5,932,23374.4,8.7
Karnataka,1995-96   ,3023.9,145.6,4788,983.9,8941.4,1742.2,849.1,24917.9,10.1
Karnataka,1994-95   ,3167.5,171.8,4146.6,850.6,8336.5,1542.4,822,33092.7,11.1
Karnataka,1993-94   ,3182.8,192,4654.2,921.3,8950.3,1888.7,773.3,26602.9,16
Karnataka,1992-93   ,3068.7,158.1,4709.2,904.6,8840.6,1761.2,865.4,22479.6,22.7
Karnataka,1991-92   ,2826.1,142.1,4292.9,1085.6,8346.7,1817.3,795.2,24117,22.8
Karnataka,1990-91   ,2415.3,124.8,3307.4,819.3,6666.8,1337.9,689.8,20964,25.4
Karnataka,1989-90   ,2376.9,89.3,4095.9,776.6,7338.7,1404.8,923.1,21210,34.1
Karnataka,1988-89   ,2509.6,166.3,3688.8,670.2,7034.9,1391.4,895.8,18733,44.1
Karnataka,1987-88   ,1894.7,140.8,3641.4,995.4,6672.3,1508.8,543.3,17580,42.3
Karnataka,1986-87   ,2313.2,142.2,4579.7,851.5,7886.6,1256.4,448,14854,40.1
Karnataka,1985-86   ,1942.6,101.9,3328.4,488.9,4193.9,986.4,549.3,13815,42
Karnataka,1984-85   ,2374.9,194.1,3724,580.4,4933.1,1347.8,787,13392,46.2
Karnataka,1983-84   ,2292.4,199.4,4141,619,5318.5,1092.5,725.3,12820,42.7
Karnataka,1982-83   ,2101.2,183.4,3218.1,518.7,4147.7,784.3,520.4,14916,43.9
Karnataka,1981-82   ,2364,211.8,4109.6,622.9,7224.7,863.4,620.6,14286,47.7
Karnataka,1980-81   ,2208.3,180.2,3028.6,462.5,5799.9,619.9,469.3,12421,46
Kerala,2022-23   ,581.4,,0.5,1.7,583.6,0.3,0,120.3,
Kerala,2021-22   ,487,,0.8,1.5,489.3,0.3,0,10.4,
Kerala,2020-21   ,633.8,,0.7,1.9,636.4,0.3,0,106.7,
Kerala,2019-20   ,605.6,,0.7,2.2,608.4,0.2,,120.8,
Kerala,2018-19   ,578.3,,0.6,2.3,581.2,0.4,,106.3,
Kerala,2017-18   ,521.3,,0.4,2,523.8,0.5,,115.1,
Kerala,2016-17   ,437.1,,0.2,1.7,439,0.6,,113.1,
Kerala,2015-16   ,549.3,,0.3,4.3,553.8,0.7,,138.1,
Kerala,2014-15   ,562.1,,0.3,1.4,563.8,0.8,,148.5,
Kerala,2013-14   ,509.2,,0.3,2.8,512.4,1,,221.5,
Kerala,2012-13   ,508.3,,0.3,3.2,511.8,1.1,,165.7,
Kerala,2011-12   ,569,,0.6,2.5,572.1,2.3,,263,
Kerala,2010-11   ,522.7,,1.4,3,527.1,2.1,,271.8,
Kerala,2009-10   ,598.3,,2.2,10.3,610.8,1.2,1.3,285,
Kerala,2008-09   ,590.3,,1.7,6.3,598.3,1.6,1.5,275.5,
Kerala,2007-08   ,528.5,,2.8,8.4,539.7,2.4,1.7,218,
Kerala,2006-07   ,631,,1.1,8.4,640.5,3.2,2,440,
Kerala,2005-06   ,629.9,,1.5,6.9,638.3,2.6,3.5,916.5,
Kerala,2004-05   ,667.1,,0.9,2.9,670.9,1.9,4.4,283,
Kerala,2003-04   ,570,,4,5,579,2.3,4.7,291,
Kerala,2002-03   ,688.9,,4,6.8,699.7,1.4,5.5,312.8,
Kerala,2001-02   ,703.4,,5.2,10.3,718.9,2.1,3.9,269.8,
Kerala,2000-01   ,751.3,,3.4,10.4,765.1,3.5,6.2,275.6,
Kerala,1999-00   ,770.8,,3.4,18.9,793.1,5.8,7.7,578.8,
Kerala,1998-99   ,726.7,,4.9,22.7,754.3,8.1,24.2,424.3,
Kerala,1997-98   ,764.6,,5.4,27.4,797.4,10.1,20,548.1,
Kerala,1996-97   ,208.2,,5.8,14.4,228.4,11.8,20.2,548.1,
Kerala,1995-96   ,953,,6,28.8,987.8,11.4,19.4,522.9,
Kerala,1994-95   ,975.1,,6,37,1018.1,15.1,21.8,477.8,
Kerala,1993-94   ,1004,,7.1,64,1075.1,11.1,18.6,447.9,
Kerala,1992-93   ,1084.8,,5.6,39.4,1129.8,12.4,20,428.3,
Kerala,1991-92   ,1060.3,,6.3,32.7,1099.3,11.5,13.6,547.1,
Kerala,1990-91   ,1086.6,,6.3,35.6,1128.5,11,13.2,542.9,
Kerala,1989-90   ,1073.6,,6,35.8,1115.4,11.6,10.4,533.3,
Kerala,1988-89   ,1006.5,,4.8,36.7,1048,18.6,8.3,537.7,
Kerala,1987-88   ,1037.1,,3.9,39,1080,7.7,7.4,562.5,
Kerala,1986-87   ,1133.8,,3.3,39.2,1176.3,9.4,9,411.8,
Kerala,1985-86   ,1173.1,,3.6,25.8,1202.5,9.7,9.6,425.6,
Kerala,1984-85   ,1255.9,,3.7,20.2,1279.8,15.4,10,427.5,
Kerala,1983-84   ,1207.9,,3.2,20.7,1231.8,12.9,10,870.6,
Kerala,1982-83   ,1306.2,,3.1,20.6,1329.9,12.2,9.3,821.4,
Kerala,1981-82   ,1339.7,,3.6,20.8,1364.1,12.1,9.8,479.5,
Kerala,1980-81   ,1272,,3.6,22.3,1297.9,15.6,8.3,461.6,
Madhya Pradesh,2022-23   ,7657.2,23995.4,6094.6,6890.6,44637.7,8644,1722,6444.6,
Madhya Pradesh,2021-22   ,4814.8,22977.5,5821.3,5694.7,39308.3,7921.5,1419.8,5379.1,0
Madhya Pradesh,2020-21   ,4413.8,18182.1,4953.7,5294.7,32844.2,6332.4,1338.6,5440.7,0
Madhya Pradesh,2019-20   ,4778.1,19607.1,5029.4,4108.4,33523.1,6451.7,1646,7433.8,2.2
Madhya Pradesh,2018-19   ,4494.7,16521.4,5147.2,6045.4,32208.7,8294.3,2329,5281.7,0
Madhya Pradesh,2017-18   ,4123.9,15910.8,5304.1,8111.6,33450.4,6949,1620,5430,11
Madhya Pradesh,2016-17   ,4226.8,17939.3,4766.9,6291.3,33224.4,8224,2050.7,4730,7
Madhya Pradesh,2015-16   ,3546.7,17688.7,3848.8,5302.4,30386.5,6171,1800,5281,6
Madhya Pradesh,2014-15   ,3625.3,17103.9,3129.5,4828.3,28687,7724.2,1750,4567,8.6
Madhya Pradesh,2013-14   ,2844.8,12937,2551.8,4644.3,22978,6634.9,1730,3173.7,2.5
Madhya Pradesh,2012-13   ,2775,13133.4,2616.2,5165.9,23690.4,9276,2200,2641.9,1.8
Madhya Pradesh,2011-12   ,2227.3,11538.5,2467.1,4161.9,20394.8,7727.8,2000,2677,2.1
Madhya Pradesh,2010-11   ,1772.1,7627.1,2166.6,3386.2,14952.1,8035.4,2000,2667,3.4
Madhya Pradesh,2009-10   ,1260.6,8410,2041.2,4304.6,16016.4,7636.2,855.3,2535,1.4
Madhya Pradesh,2008-09   ,1559.7,6521.9,2149.9,3683.1,13914.6,6976.9,856.1,2975,1.3
Madhya Pradesh,2007-08   ,1461.9,6032.5,2122.5,2453.6,12070.5,6352,864.8,3180,1.8
Madhya Pradesh,2006-07   ,1368.4,7325.9,1849.6,3203.1,13747,5814.2,828.6,2806,1.8
Madhya Pradesh,2005-06   ,1656.3,5957.7,2348.4,3232.6,13195,5721.9,745.1,2425,1.2
Madhya Pradesh,2004-05   ,1169,7176.6,2330,3429.2,14104.8,4797.7,626.1,2148,1.4
Madhya Pradesh,2003-04   ,1750.3,7364.6,3353.8,3488,15956.7,5623.6,639,1873.7,1.8
Madhya Pradesh,2002-03   ,1031.8,4923.4,2418.1,2375.5,10748.8,3143.9,390.1,1563,1.1
Madhya Pradesh,2001-02   ,1692.7,6001,2688.5,3224.6,13606.8,4567.6,394.3,1616,1.4
Madhya Pradesh,2000-01   ,982.1,4869.4,2058.5,2275.4,10185.4,4096.9,245.1,1660.4,1.9
Madhya Pradesh,1999-00   ,6376.5,8685.2,2429.9,3780.5,21272.1,5819.6,417.2,1991,10.5
Madhya Pradesh,1998-99   ,5060.6,8333.4,2488.4,3618.8,19501.2,5685.9,429.5,1621,5.8
Madhya Pradesh,1997-98   ,4528.2,7220.2,2326.3,3278.9,17353.6,5694.6,508.9,1631.7,6.3
Madhya Pradesh,1996-97   ,5939.1,7793.2,2211.5,3498,19441.8,5107.7,424.2,1761.4,5.7
Madhya Pradesh,1995-96   ,5839.1,6666.6,2469.4,3904.4,18879.5,4949.6,423.5,1914.1,6.1
Madhya Pradesh,1994-95   ,6463,7278.6,2032.9,4514.1,20288.6,3856.5,345.7,1377,5.9
Madhya Pradesh,1993-94   ,5963.1,6766.6,3132.9,4156.5,20019.1,4735.1,420.3,1084,7.8
Madhya Pradesh,1992-93   ,5282.9,5242.6,3466.4,3672.3,17664.2,3583.4,352.6,1324.6,5.1
Madhya Pradesh,1991-92   ,5248.5,5138,2329.2,3550.5,16266.2,2979.8,245.8,1646.3,6.6
Madhya Pradesh,1990-91   ,5738.1,5832.6,3323.1,3875.1,18768.9,3191.4,396.5,1391.6,7.3
Madhya Pradesh,1989-90   ,4492.5,4119.7,3729,3162.5,15503.7,2364.4,411.8,1371.6,6.7
Madhya Pradesh,1988-89   ,4666.8,4797.4,3377,3478.1,16319.3,2347.7,354.1,1644.2,8.2
Madhya Pradesh,1987-88   ,4265.7,4546.2,3414.5,3159.3,15385.7,1610,285.1,1603.9,7.4
Madhya Pradesh,1986-87   ,4178.4,4264.3,2585.5,3090.1,14118.3,1251.6,240.1,1645.9,7.9
Madhya Pradesh,1985-86   ,5418,4202.3,3062.5,2610.4,15293.2,1416,286.1,1217.6,14.2
Madhya Pradesh,1984-85   ,3761.2,3935.3,3254.9,2343.6,13295,1378.3,269.1,1390.2,10.6
Madhya Pradesh,1983-84   ,4798.7,4373.8,3829.6,2702.3,15704.4,1184.1,210.2,1476.6,13.2
Madhya Pradesh,1982-83   ,3451,3800.9,2755.6,2607.7,12615.2,875.9,316.6,1356.4,9.5
Madhya Pradesh,1981-82   ,3830.2,3313.4,3217.5,2473.1,12834.2,833.3,334.2,1209.6,14.6
Madhya Pradesh,1980-81   ,4053,3143.5,3204.6,2010.5,12411.6,860.9,267.7,1071.2,20.5
Maharashtra,2022-23   ,3899.1,2374.2,5995.1,4981,17249.5,6937.8,8408.6,"1,23,968.2",
Maharashtra,2021-22   ,3598.1,2144.5,5890.2,5023.7,16656.4,5953,8249.2,"1,16,076.4",
Maharashtra,2020-21   ,3291.7,2071.1,6082.1,4321.2,15766.1,6718.3,10105.1,"1,05,137.6",
Maharashtra,2019-20   ,2897.6,1793.7,4392.6,3736,12819.9,5177,6639,69311.9,
Maharashtra,2018-19   ,3275.7,1249.2,3096.7,2682.5,10304.1,4885,6593,89768.2,
Maharashtra,2017-18   ,2730.8,1696.8,5471.3,3347.8,13246.7,4206.4,6094,82984,
Maharashtra,2016-17   ,3109.5,1875.1,6579,3768.1,15331.6,5113.5,10618.8,52262.5,
Maharashtra,2015-16   ,2593,981,3635.7,1544.7,8754.4,2436.1,7500,73679.6,
Maharashtra,2014-15   ,2946,1308,5004.9,2053,11311.9,2850.2,7000,84699,
Maharashtra,2013-14   ,3120,1602,5955.2,3169,13846.2,5293.9,8834,76901,35
Maharashtra,2012-13   ,3057,1181,4429.3,2306,10973.3,5086.8,7655,69648.1,31
Maharashtra,2011-12   ,2841,1313,6122,2268,12544,4485,7200,86733.1,19
Maharashtra,2010-11   ,2696,2301,7323.6,3099.8,15420.4,5040,8500,81895.7,28
Maharashtra,2009-10   ,2183,1740,6293.3,2370,12586.3,2814,5859.3,64159,26
Maharashtra,2008-09   ,2284,1516,5971.6,1656,11427.6,3409.7,4752,60648,26
Maharashtra,2007-08   ,2996,2078.7,7093,3024,15191.7,4874,7015,88437,33
Maharashtra,2006-07   ,2569,1631.1,6141,2304,12645.1,3721,4618,78568,33
Maharashtra,2005-06   ,2695,1300,6087,2005,12087,3373,3160,38853,36
Maharashtra,2004-05   ,2164,1016,5696.7,1664,10540.7,2744.1,2939,20475,35.5
Maharashtra,2003-04   ,2835,778,4750,1960,10323,2921,3080,25668,27
Maharashtra,2002-03   ,1854,984,5938,2058.1,10834.1,2356,2596,42617,30
Maharashtra,2001-02   ,2651.4,1077,5578.5,1881,11187.9,2226.4,2689.6,45140,36.6
Maharashtra,2000-01   ,1929.2,948,5620.3,1637.4,10134.9,2096.8,1798.8,49592.8,38.7
Maharashtra,1999-00   ,2558.9,1436.1,6499.8,2206.1,12700.9,2668.5,3099.5,53139.1,45
Maharashtra,1998-99   ,2467.6,1308.5,6721.8,2254.9,12752.8,2570.8,2621.9,47148.7,43.2
Maharashtra,1997-98   ,2414.6,671,5410.5,1187.8,9683.9,1678.8,1752.1,38172.8,45.8
Maharashtra,1996-97   ,2614.4,1167,8789.2,1983.8,14554.4,2390.5,3142.1,41804.8,46
Maharashtra,1995-96   ,2562.8,897.7,6504.6,2247.4,12212.5,1980.5,2795.8,46656.1,40.4
Maharashtra,1994-95   ,2397.1,1111.2,6318.6,2358.5,12185.4,1814.5,2500.3,44260.3,46.4
Maharashtra,1993-94   ,2484.4,1055.9,7836.8,3125.7,14502.8,2346.2,2625.4,27891.5,48.2
Maharashtra,1992-93   ,2363.8,797.6,9056.3,2714.2,14931.9,1771.5,1807.7,30853.5,61.2
Maharashtra,1991-92   ,2100.2,625.7,4707.3,1280.4,8713.6,1095.1,1155.1,36186.6,62.5
Maharashtra,1990-91   ,2313.7,918.7,7507.9,2077,12817.3,1892.6,1880.3,38416.2,65.6
Maharashtra,1989-90   ,2318.8,907.1,8281.4,2389.6,13896.9,1835.2,2211.4,34008.3,69.6
Maharashtra,1988-89   ,2652.1,1043.2,5652.8,2427.7,11775.8,1702.3,1373.3,25499.6,88.9
Maharashtra,1987-88   ,1712.8,633.4,7304.2,2044.5,11694.9,1315.3,1467.6,24983.6,86.8
Maharashtra,1986-87   ,1751.5,536.4,3881.2,1430.7,7599.8,839.8,888.7,24091.3,86.8
Maharashtra,1985-86   ,2181.8,644.4,4788.7,1164.1,8779,980.4,1989.9,23705.6,94.9
Maharashtra,1984-85   ,1936.2,856.5,5828.8,1114.3,9735.8,1405,1466.9,26367.4,85.5
Maharashtra,1983-84   ,2460.6,1142.1,6091.4,1257.7,10951.8,1430.2,814,26549.1,105.3
Maharashtra,1982-83   ,1948.8,803.3,5500.6,962.9,9215.6,1060.3,1608.5,31360.3,102.8
Maharashtra,1981-82   ,2435.4,988.5,6108.4,1039.1,10571.4,1227.1,1464.8,28779.6,114
Maharashtra,1980-81   ,2360.6,931.3,5634.5,831.2,9757.6,1005.3,1268.6,23590.6,119.4
Manipur,2021-22   ,567.4,5.7,50.9,31.3,655.2,25.4,,279.4,
Manipur,2020-21   ,602.2,5.8,59.7,29.4,697.1,32.6,,279.4,
Manipur,2019-20   ,385.5,5.8,4.9,25.2,421.4,27.4,,0,
Manipur,2018-19   ,401.6,5.7,58.2,29.5,495,32.2,,315.1,
Manipur,2017-18   ,607.8,5.6,63.1,30,706.5,32.8,,348,
Manipur,2016-17   ,430.4,5.6,58.8,30.3,525.1,32.3,,348,
Manipur,2015-16   ,338.8,5.6,61.6,29.8,435.7,31.8,,348,
Manipur,2014-15   ,334.1,5.6,58.8,30.8,429.3,31.7,,339.3,
Manipur,2013-14   ,398.5,5.6,58.6,29.9,492.6,31,,339.3,
Manipur,2012-13   ,257.6,6,44.7,28.4,336.7,32.1,,311.7,
Manipur,2011-12   ,591,5.4,45.9,26.9,669.1,28.3,,333,
Manipur,2010-11   ,521.7,5.3,41.5,24.2,592.7,26.7,,301.3,
Manipur,2009-10   ,319.9,,11.7,7.2,338.9,0.7,,21.3,
Manipur,2008-09   ,397,,11.5,6.5,415,0.7,,21.3,
Manipur,2007-08   ,406.2,,8.4,7.2,421.8,0.9,,16.8,
Manipur,2006-07   ,386.1,,7.9,4.5,398.5,0.7,,23,
Manipur,2005-06   ,386.1,,7.9,4.5,398.5,0.7,,23,
Manipur,2004-05   ,435.9,,8.9,3,447.8,0.8,,21.8,
Manipur,2003-04   ,381.2,,7.5,3.2,391.9,0.4,,22,
Manipur,2002-03   ,332.6,,8.5,2.6,343.7,0.4,,20.6,
Manipur,2001-02   ,387.3,,10.1,3.1,400.5,0.4,,21.2,
Manipur,2000-01   ,381.7,,10.9,3.2,395.8,1.3,,24.2,
Manipur,1999-00   ,365,,10.7,0,375.7,1.2,,21.2,
Manipur,1998-99   ,382.2,,10.1,0,392.3,1,,22.9,
Manipur,1997-98   ,351.7,,13.1,0,364.8,1,,15.4,
Manipur,1996-97   ,367.3,,23.4,0,390.7,1.5,,42.8,
Manipur,1995-96   ,331.8,,7.1,0,338.9,1.4,0.3,38.6,
Manipur,1994-95   ,478.3,,10.4,0,488.7,1.7,0.1,41.2,
Manipur,1993-94   ,348.8,,7.8,0,356.6,1.9,0.1,58.8,
Manipur,1992-93   ,269.3,,8.1,0,277.4,1.9,0.1,58.8,
Manipur,1991-92   ,340.5,,9.6,0,350.1,1.2,0.1,49,
Manipur,1990-91   ,274.2,,11.4,0,285.6,1.3,0.1,63,
Manipur,1989-90   ,245.1,,14.9,0,260,1.2,0.2,55.4,
Manipur,1988-89   ,275.6,,12.2,0,287.8,1.8,0.2,74,
Manipur,1987-88   ,272.1,,14.1,0,286.2,2,0.2,95.3,
Manipur,1986-87   ,242.5,,16.4,0,258.9,1.2,1.7,71.7,
Manipur,1985-86   ,332.5,,14.6,0,347.1,2.9,1.7,19.3,
Manipur,1984-85   ,333,,12.2,0,345.2,2.1,1.7,60,
Manipur,1983-84   ,255.1,,10.4,0,265.5,2.1,1.7,60,
Manipur,1982-83   ,219.5,,9,0,228.5,2.1,1.7,60,
Manipur,1981-82   ,253.1,,9.2,0,262.3,1,0.3,77.9,
Manipur,1980-81   ,273,,17.8,0,290.8,2.2,0.3,77.9,
Meghalaya,2021-22   ,297.3,0.9,44.7,12.1,355,15.3,8.6,0.4,95.1
Meghalaya,2020-21   ,295.8,0.9,44.5,12,353.3,15.2,8.6,0.4,95
Meghalaya,2019-20   ,303.4,0.9,44.5,12,360.8,15.1,,0.4,95
Meghalaya,2018-19   ,202,0.9,44.4,13.4,260.7,15.1,,0.4,94.9
Meghalaya,2017-18   ,304.6,0.9,44.4,11.9,361.8,15.1,,0.4,94.8
Meghalaya,2016-17   ,203,0.9,44.4,11.8,260.1,15,,0.4,94.7
Meghalaya,2015-16   ,301.1,0.9,44,11.7,357.7,15.2,,0.4,94.5
Meghalaya,2014-15   ,298.2,0.8,43.4,11.3,353.8,14.9,,0.3,92.5
Meghalaya,2013-14   ,273.9,0.8,42.1,3.2,320,14.1,,0.3,89.9
Meghalaya,2012-13   ,232,0.7,28.7,3.7,265,6.9,,0.2,53.2
Meghalaya,2011-12   ,216.5,0.6,28.3,3.7,249.1,7.6,,0.2,50.4
Meghalaya,2010-11   ,207,0.7,27.6,3.7,239,7.1,,0.2,52.6
Meghalaya,2009-10   ,206.7,0.7,28.2,3.6,239.2,7,5.5,0.2,53.1
Meghalaya,2008-09   ,203.9,0.7,27.8,3.9,236.3,7.1,5.6,0.3,54.6
Meghalaya,2007-08   ,200,1.1,27.4,3.3,231.8,6.7,6.5,0.3,54.9
Meghalaya,2006-07   ,200.2,1.2,27.2,2.9,231.5,6.6,7.7,0.2,55.1
Meghalaya,2005-06   ,151.9,1.2,26.4,3.6,183.1,6.7,7.8,0.2,55.7
Meghalaya,2004-05   ,193.7,1.6,26.3,3.6,225.2,6.5,7.8,0.2,39.2
Meghalaya,2003-04   ,200.7,1.5,28.1,3.5,233.8,6.4,7.8,0.2,56.2
Meghalaya,2002-03   ,190.9,4.7,28.2,3.3,227.1,6.5,7.8,0.2,56.4
Meghalaya,2001-02   ,189,4.8,27.4,3.5,224.7,6.4,7.9,0.2,49.6
Meghalaya,2000-01   ,179,6.9,26.6,3.5,216,6.3,7.7,0.2,57.2
Meghalaya,1999-00   ,170.7,7,26.4,4.6,208.7,6.2,5.5,0.2,51.9
Meghalaya,1998-99   ,149.7,7,27.6,3.5,187.8,6.1,5.6,0.3,48.5
Meghalaya,1997-98   ,150.1,6.9,27.1,2.5,186.6,5.9,5.6,2.3,56.3
Meghalaya,1996-97   ,141.1,6.9,27.8,2.5,178.3,5.9,5.5,2.2,53.7
Meghalaya,1995-96   ,111.8,4.7,23.9,2.5,142.9,6.4,5.3,2.3,48.9
Meghalaya,1994-95   ,111.5,6.4,22.7,2.4,143,5.7,5.3,2.1,56.6
Meghalaya,1993-94   ,117.8,6.6,22.5,2.5,149.4,5.6,5.4,2.3,55.3
Meghalaya,1992-93   ,114,6.2,22.6,2.4,145.2,4.2,5.4,2.2,55.6
Meghalaya,1991-92   ,121.1,5.6,26.2,2.4,155.3,5.6,5.4,2.1,65
Meghalaya,1990-91   ,119.8,5.9,26.3,2.4,154.4,5.4,5.4,2,60.7
Meghalaya,1989-90   ,116.7,5.9,26,2.4,151,5.4,5.3,2.4,60.5
Meghalaya,1988-89   ,105.6,6.7,23.7,2.3,138.3,4.9,4.2,3,59.5
Meghalaya,1987-88   ,110.5,5.6,23.8,2.4,142.3,5.7,4.2,4,60.2
Meghalaya,1986-87   ,98.7,6.7,23.2,2.7,131.3,5.5,4.2,4.6,47.1
Meghalaya,1985-86   ,132.4,6.1,25.9,2.3,166.7,5.9,4.9,5.5,72.5
Meghalaya,1984-85   ,125.2,5.2,26.7,2.8,159.9,5.3,5.1,7.2,69.4
Meghalaya,1983-84   ,131.2,4.8,25.2,2.1,163.3,3.4,5.1,5.6,64.4
Meghalaya,1982-83   ,123,4.6,24,2,153.6,4.2,4.7,9,63.9
Meghalaya,1981-82   ,125.1,4.9,23.1,1.6,154.7,3.7,4.5,9,61.7
Meghalaya,1980-81   ,132.6,4.1,16.7,1.5,154.9,4.8,4.5,9.3,70.2
Mizoram,2021-22   ,60.9,,11.3,5.7,77.9,3.2,,36.9,
Mizoram,2020-21   ,62.2,,12.6,5.9,80.7,2.9,0,43,
Mizoram,2019-20   ,60,,11,5.5,76.5,2.8,,44.3,
Mizoram,2018-19   ,60,,11,5.9,76.9,2.8,,44.3,
Mizoram,2017-18   ,59.6,,9.5,5.1,74.2,2.4,,44.8,
Mizoram,2016-17   ,61.5,,8.9,4.8,75.2,2.5,,50.5,
Mizoram,2015-16   ,62.1,,10.3,5,77.4,3,,51.3,
Mizoram,2014-15   ,60.7,,8.6,6,75.3,2.4,,44.3,
Mizoram,2013-14   ,59,,8.2,5.7,72.8,2.4,,7,
Mizoram,2012-13   ,30.5,,8,3.3,41.8,2.2,,6.8,
Mizoram,2011-12   ,54.3,,8.4,5.3,68,2.4,,7.5,
Mizoram,2010-11   ,47.2,,13.6,6.1,66.9,3.8,,7.9,
Mizoram,2009-10   ,44.3,,11.5,6.5,62.3,3,0.8,12.4,
Mizoram,2008-09   ,46,,9.3,3.6,58.9,2.5,0.1,13.7,
Mizoram,2007-08   ,15.7,,0.7,2.7,19.1,0.8,0.6,0.8,
Mizoram,2006-07   ,29.5,,21,5.8,56.3,3.8,5.2,4.6,
Mizoram,2005-06   ,99.2,,22.7,7.9,129.8,5.4,0.2,4.6,
Mizoram,2004-05   ,104.1,,15.7,4.8,124.6,5.6,1.3,5.7,
Mizoram,2003-04   ,114.6,,20.3,4.5,139.4,5.4,1.3,3.6,
Mizoram,2002-03   ,109.2,,14.9,5,129.1,5.1,1,7.4,
Mizoram,2001-02   ,105.7,,16.7,3.9,126.3,5.1,1,9.4,
Mizoram,2000-01   ,103.7,,16.4,3.9,124,5.4,1.2,6.4,
Mizoram,1999-00   ,88.4,,9.9,7.3,105.6,7.2,2,1.5,
Mizoram,1998-99   ,109.2,,16.5,9.3,135,7.5,2.5,4.8,
Mizoram,1997-98   ,110.3,,16.5,6.7,133.5,12.3,2.5,7.5,
Mizoram,1996-97   ,111.2,,15.8,6.8,133.8,11.1,2.7,7.7,
Mizoram,1995-96   ,101.5,,15.2,7,123.7,7.1,2.5,7.3,
Mizoram,1994-95   ,100.2,,14.7,9.9,124.8,7.6,2.8,7.6,
Mizoram,1993-94   ,96.7,,14.2,9.8,120.7,7.6,2.1,5.7,
Mizoram,1992-93   ,84,,12.9,7.9,104.8,6.9,2.1,5.6,
Mizoram,1991-92   ,71,,12.3,6.9,90.2,6.7,2.9,5.3,
Mizoram,1990-91   ,63.8,,11.1,6.6,81.5,6,2.4,1.8,
Mizoram,1989-90   ,59.2,,9.1,0.7,69,2.7,2,7.1,
Mizoram,1988-89   ,54.7,,9.5,1.1,65.3,2,1.2,6.5,
Mizoram,1987-88   ,49.2,,3.9,1,54.1,1.5,1.5,3,
Mizoram,1986-87   ,45.8,,6.5,0.5,52.8,1.4,3.8,5.9,
Mizoram,1985-86   ,43.2,,6.4,0,6.4,1.2,2.4,2.7,
Mizoram,1984-85   ,40.9,,5.8,0,5.8,1.3,1.8,3.5,
Mizoram,1983-84   ,24.5,,5.5,0,5.5,0.6,1.6,3.5,
Mizoram,1982-83   ,46,,5.2,0,5.2,0.6,2.4,5.1,
Mizoram,1981-82   ,28.3,,6.2,0,34.5,0.6,2.4,5.1,
Mizoram,1980-81   ,28.3,,6.2,0.1,34.6,0.6,2.4,5.1,
Nagaland,2021-22   ,150.7,2.3,70.2,30.1,253.4,19.7,0,104.6,0.9
Nagaland,2020-21   ,367.4,6.3,149.4,47.1,570.2,70.2,0,203,38.1
Nagaland,2019-20   ,363.3,6.3,149,46.8,565.4,70.8,,193.6,44.6
Nagaland,2018-19   ,356.7,6.3,148.8,46.4,558.1,69.5,,193.2,44.5
Nagaland,2017-18   ,349.6,6.3,150.3,46.1,552.3,69.2,,192.7,44.3
Nagaland,2016-17   ,336.7,6.2,149.5,44.5,536.9,68.9,,192.4,7.9
Nagaland,2015-16   ,318.8,6,148,43.1,515.8,68.6,,190.2,7.9
Nagaland,2014-15   ,454.2,5.6,147.5,42.4,649.6,68.1,,189.3,7.8
Nagaland,2013-14   ,429.6,5.5,147,42.5,624.6,67.9,,188.5,7.8
Nagaland,2012-13   ,405.2,5.9,145.9,43.6,600.6,67.5,,187.6,7.7
Nagaland,2011-12   ,382.4,5.4,144,34.7,566.5,66.8,,186.7,8.5
Nagaland,2010-11   ,381.4,5.3,145.2,36.4,568.3,66.3,,184.9,8.4
Nagaland,2009-10   ,240.3,2.4,76.8,34.7,354.2,84.6,0,152.9,2
Nagaland,2008-09   ,345.1,2.1,127.3,39.7,514.2,71.5,0.1,185.8,1.3
Nagaland,2007-08   ,290.6,1.6,139.4,41.6,473.2,68.1,0.3,247.3,6.4
Nagaland,2006-07   ,263.5,1.3,126.4,45,436.2,62.6,0.2,233.9,5.9
Nagaland,2005-06   ,263.1,1.9,120.1,39.7,424.8,62.8,1.7,210.9,10.5
Nagaland,2004-05   ,259.8,13,105.5,25.2,403.5,81.9,0.2,142.1,6.7
Nagaland,2003-04   ,248,20,108.3,33.5,409.8,66.8,0.2,130,6.1
Nagaland,2002-03   ,225,17,118,28,388,74,5,80,5.5
Nagaland,2001-02   ,237.3,15,73.4,29.7,355.4,53.2,2.9,50,0
Nagaland,2000-01   ,230,10,61.6,21.1,322.7,46.1,0.4,35,0.5
Nagaland,1999-00   ,132.4,12.5,52.1,13.5,210.5,43.3,0.4,30,0.5
Nagaland,1998-99   ,209.6,9.4,50.5,12.5,282,35.4,0.4,68,0.2
Nagaland,1997-98   ,187.3,3,34.1,12.5,236.9,24.8,0.3,50,0.4
Nagaland,1996-97   ,153,2.5,43.2,13.6,212.3,20.4,0.4,125,4.2
Nagaland,1995-96   ,185,1.5,40.5,11.8,238.8,16.1,0.4,120,2.5
Nagaland,1994-95   ,174,0.6,37,7.9,219.5,15.5,0.3,125,2.5
Nagaland,1993-94   ,180,1,37,10,228,19.7,0.3,193.4,2.4
Nagaland,1992-93   ,176,0.3,44.9,7.5,228.7,15.1,0.1,200,2.4
Nagaland,1991-92   ,154,1.6,33,15,203.6,14.3,0.1,140,1.1
Nagaland,1990-91   ,152.2,1.3,28.2,12,193.7,11.6,0.1,130,0.8
Nagaland,1989-90   ,150,,20,9.2,179.2,10.9,,130,0.7
Nagaland,1988-89   ,130,,19.3,5.5,154.8,6.6,,129,0.7
Nagaland,1987-88   ,86,,9.5,3.7,99.2,8.2,,119,0.6
Nagaland,1986-87   ,83.9,,7.2,2.2,93.3,11.3,,106,0.6
Nagaland,1985-86   ,95.1,,14.5,5.2,19.7,6,,96,0.5
Nagaland,1984-85   ,102.4,,14.2,3.1,17.3,5.4,,81,0.6
Nagaland,1983-84   ,92,,14.8,1,15.8,1.9,,90,0.6
Nagaland,1982-83   ,108.4,,13,0.4,13.4,1.9,,140.5,0.6
Nagaland,1981-82   ,99.1,,12.4,0.3,50,1.6,,136.8,1
Nagaland,1980-81   ,91.2,,11.8,0.5,46.8,1.2,,122.4,0.5
Odisha,2022-23   ,9621.2,0.3,303.1,474.6,10399.1,129.9,665.5,412.5,51.2
Odisha,2021-22   ,9290.8,0.3,352.9,481.3,10125.2,145.2,625.9,397.6,67.3
Odisha,2020-21   ,8810.3,0.3,281.8,431.2,9523.6,135.1,551,381.3,28.9
Odisha,2019-20   ,8360.4,0.2,237.1,432.5,9030.1,99.5,579,505,25.2
Odisha,2018-19   ,7733.7,0.3,169.1,412.1,8315.2,91.1,455,417.8,32.4
Odisha,2017-18   ,6551.3,0.2,170.2,429.6,7151.3,93.1,408,240.1,44.2
Odisha,2016-17   ,8325.9,0.1,256.2,479.1,9061.3,121.2,382,344.3,32.8
Odisha,2015-16   ,5875.4,0.5,157.2,375.1,6408.2,120.1,300,577.2,56.8
Odisha,2014-15   ,8298.2,0.7,242.3,440.3,8980.5,141.5,400,722.9,68.4
Odisha,2013-14   ,7613.4,1.1,325.7,419.3,8359.4,168.8,299,936.5,82.3
Odisha,2012-13   ,7295.5,2,287,424.4,8008.8,170.3,400,952.4,83.8
Odisha,2011-12   ,5807,2.4,259.4,343.4,6412.3,165.8,325,884.7,101.2
Odisha,2010-11   ,6827.7,4.2,360.5,426.9,7619.3,179.8,250,902.7,113.5
Odisha,2009-10   ,6917.5,5.8,230.3,399.3,7552.9,172.2,147.2,489.9,112
Odisha,2008-09   ,6812.7,7.4,191.7,387.3,7399.1,180.3,146.6,646.2,114.7
Odisha,2007-08   ,7540.7,8.7,210.4,383.5,8143.3,196.6,124.7,1096.2,151.1
Odisha,2006-07   ,6824.7,5.8,162.4,351.8,7344.7,175.1,107.9,1274.4,132.4
Odisha,2005-06   ,6859,4.5,159.9,336.3,7359.7,187.7,144.8,1073,141.5
Odisha,2004-05   ,6466,5,169.1,249.6,6889.7,179.5,111.2,859.9,145.9
Odisha,2003-04   ,6733.7,7.5,143,272.7,7156.9,156.9,88.2,858.1,127.3
Odisha,2002-03   ,3276.7,5.8,96.8,194.4,3573.7,93.7,49.9,753.2,148.1
Odisha,2001-02   ,7148,10.6,121.3,284.2,7564.1,137.5,54.7,644,146.6
Odisha,2000-01   ,4614,12.9,144.6,212.7,4984.2,114.9,65.3,963.9,140.5
Odisha,1999-00   ,5187,7.7,163,264.8,5622.5,167.7,61,1080.3,168.8
Odisha,1998-99   ,5391.5,4.4,147.9,249.3,5793.1,167,53,1469.5,151.6
Odisha,1997-98   ,6204.6,6.6,140.1,286.5,6637.8,195.9,36,1144,261.8
Odisha,1996-97   ,4438.4,6.6,160.5,225.9,4831.4,173.2,30.2,1332.1,232.1
Odisha,1995-96   ,6226.2,6.1,138.6,593.4,6964.3,243.2,21.8,1594.2,255.9
Odisha,1994-95   ,6353.2,6.7,128.9,585.3,7074.1,244,9.7,1198.6,206.9
Odisha,1993-94   ,6616.3,5,169.9,771.5,7562.7,294.3,3.2,781,399.4
Odisha,1992-93   ,5387.7,7.5,151.5,509.4,6056.1,240.8,3.7,754.2,464.1
Odisha,1991-92   ,6659.7,56.5,423.9,2023.6,9163.7,858,7.2,2744.6,626.9
Odisha,1990-91   ,5275.3,55.6,525.6,1920.7,7777.2,940.9,8.7,3549,695.4
Odisha,1989-90   ,6284,64.9,507.9,1929.7,8786.5,866.5,10.9,3325,505.3
Odisha,1988-89   ,5296.5,69.3,527.3,1897.5,7790.6,860.5,8.6,3200.2,515.8
Odisha,1987-88   ,3471.4,71.1,467.7,1804.2,5814.4,820.2,5.3,2785.7,502.3
Odisha,1986-87   ,4834.4,75.8,420.2,1911.5,7241.9,798.9,2.5,2785.6,478.6
Odisha,1985-86   ,5226.3,106.9,518.6,1031.3,6883.1,850,3.2,3700,724
Odisha,1984-85   ,4172.2,96.3,439.4,910.8,5618.7,748.5,1.9,3700,560
Odisha,1983-84   ,5120.6,150.1,691,1054.8,7016.5,714.5,2.2,2861.9,626.5
Odisha,1982-83   ,2991.5,121,528.8,921.6,4562.9,589.6,3.3,3169.4,484
Odisha,1981-82   ,3853,125.2,514.7,944.3,5437.2,596.9,5.7,3220,602.9
Odisha,1980-81   ,4300.8,122.4,667.4,886.1,5976.7,484.7,4,3060,519
Punjab,2022-23   ,13146.7,16474,435.7,75.4,30131.9,93.5,459.7,7639,
Punjab,2021-22   ,12885.5,14861.4,429.7,76,28252.5,75.3,646,7130.9,
Punjab,2020-21   ,12783.6,17186,417.6,31.1,30418.3,58.8,1022.7,7487,
Punjab,2019-20   ,11779.3,17615.6,433.3,29.2,29857.3,58.4,1206,7302,
Punjab,2018-19   ,12821.6,18261.8,421.3,27.7,31532.3,59.5,1222,7773.7,
Punjab,2017-18   ,13381.8,17830.4,453.2,26.5,31691.9,59.5,1283,8023.7,
Punjab,2016-17   ,11586.2,16440.5,477.2,33,28536.9,57.8,1031,7152,
Punjab,2015-16   ,11823,16077,457.3,43.5,28400.8,56.8,750,6607,
Punjab,2014-15   ,11107,15050,499.4,41.6,26698,57.7,1600,7039,
Punjab,2013-14   ,11267,17620,553.8,39.6,29480.4,64.2,1968,6675,
Punjab,2012-13   ,11374,16591,525,53,28543,69.4,2000,5919,
Punjab,2011-12   ,10542,17280.1,552,15,28389.1,68,2300,5653,
Punjab,2010-11   ,10837,16472,538,19.3,27866.3,71.5,2100,4170,
Punjab,2009-10   ,11236,15169,527.1,18,26950.1,83.4,2006,3700,
Punjab,2008-09   ,11000,15733,575.1,21.7,27329.8,76.2,2285,4670,
Punjab,2007-08   ,10489,15720,583.1,23,26815.1,76.5,2355,6690,
Punjab,2006-07   ,10138,14596,552,27.1,25313.1,78.2,2678,6020,
Punjab,2005-06   ,10193,14493,472,26.2,25184.2,89.6,2395,4860,
Punjab,2004-05   ,10437,14698,504,31.7,25670.7,100.4,2087,5170,
Punjab,2003-04   ,9656,14489,545,39.4,24729.4,103.8,1478,6620,
Punjab,2002-03   ,8880,14175,402.3,33.9,23491.2,90.9,1083,9290,
Punjab,2001-02   ,8816,15499,535.9,36,24886.9,82.6,1307,9250,
Punjab,2000-01   ,9154,15551,575.1,44.4,25324.5,87.4,1199,7770,
Punjab,1999-00   ,8716,15910,530,45.4,25201.4,111.7,952,6770,
Punjab,1998-99   ,7940,14460,456.2,50.7,22906.9,170.5,595,6130,
Punjab,1997-98   ,7904,12715,464.2,60,21143.2,218.6,937,7150,
Punjab,1996-97   ,7334,13672,467.2,80.1,21553.3,284,1925,11040,
Punjab,1995-96   ,6768,12518,436.2,142,19864.2,306.1,1950,8620,
Punjab,1994-95   ,7703,13542,481.3,151.5,21877.8,263.6,1779,5160,
Punjab,1993-94   ,7642,13377,477.3,135.6,21631.9,235,1514,4710,
Punjab,1992-93   ,7002,12369,561.1,121.6,20053.7,231.2,2314,6369,
Punjab,1991-92   ,6755,12295,505.2,128.9,19684.1,258.5,2357,6920,
Punjab,1990-91   ,6535,12155,450.3,160.4,19300.7,110.8,1909,6000,
Punjab,1989-90   ,6697,11681,508.5,144.9,19031.4,132.2,2454,6500,
Punjab,1988-89   ,4925,11580,432.1,169.9,17107,145,2118,6000,
Punjab,1987-88   ,5442,11084,467.6,140.7,17134.3,236.4,1859,5820,
Punjab,1986-87   ,6022,9458,633.2,245.6,16358.8,166.4,1691,6110,
Punjab,1985-86   ,5448.9,10988,548.4,203.7,17189,197.5,1403,5050,
Punjab,1984-85   ,5052,10176,719.6,151.4,16099,198.5,1241,4920,
Punjab,1983-84   ,4536,9422,687.1,135.6,14780.7,120.2,707,5530,
Punjab,1982-83   ,4147,9157,719.9,121.6,14145.5,133,1218,6340,
Punjab,1981-82   ,3755,8553,858.9,158.9,13325.8,168.7,1270,6120,
Punjab,1980-81   ,3223,7677,802.8,199.9,11902.7,187.3,1178,3920,
Rajasthan,2022-23   ,577.4,10250.4,8759.9,3830.6,23418.2,9295.8,2774.5,217.4,
Rajasthan,2021-22   ,478.6,10095.5,7035.7,4053,21662.8,8688,2481,321.4,
Rajasthan,2020-21   ,634,11035.4,8360.9,4252,24282.3,7984.6,3207.6,393.7,
Rajasthan,2019-20   ,480.5,10916.1,7333.3,4497.1,23227.1,6769.2,2788,326.2,
Rajasthan,2018-19   ,453.2,10082.9,6993.3,3759.4,21288.8,6899.1,2026,447.9,
Rajasthan,2017-18   ,450.9,9368.5,6732.2,3405.4,19957,6111.3,1893,381.9,
Rajasthan,2016-17   ,452.7,8985.3,6734.5,3181.2,19353.6,6240.2,1401.9,488.7,
Rajasthan,2015-16   ,369.8,9871,5808.9,1990.2,18039.9,5692.5,1214,531.3,
Rajasthan,2014-15   ,366.7,9823.9,7479.5,1951.8,19621.9,5314.3,1527,408.9,
Rajasthan,2013-14   ,312.6,8663.2,6432.9,2490.9,17899.6,6033.8,1287,362.9,
Rajasthan,2012-13   ,222.5,9275.5,6912.9,1956.8,18367.7,6364.6,1400,401.8,
Rajasthan,2011-12   ,253.4,9319.6,7464.7,2432.1,19469.7,5744.5,1335,451.3,
Rajasthan,2010-11   ,265.5,7214.5,8092.5,3259.7,18832.2,6604.8,900,367.9,
Rajasthan,2009-10   ,228.3,7500.9,3907.2,713.7,12350.1,4407.2,903.1,344.5,
Rajasthan,2008-09   ,241.1,7287,7325.7,1826.4,16680.2,5178.4,725.7,388.2,
Rajasthan,2007-08   ,259.6,7124.9,7121.4,1552.8,16058.7,4197.6,862.2,593.8,
Rajasthan,2006-07   ,169.8,7055.8,5501.9,1481.3,14208.8,5166.8,746.8,629.7,
Rajasthan,2005-06   ,153,5865.3,4528.6,898.1,11445,5964,880.5,482.6,
Rajasthan,2004-05   ,150.4,5706.6,4956.4,1337.4,12150.8,5541.1,764.6,276.6,
Rajasthan,2003-04   ,164.8,5875.8,9674.8,2278.4,17993.8,3996.8,709,309.4,
Rajasthan,2002-03   ,67.9,4878,2105.6,484.5,7536,1754.6,252.4,421.7,
Rajasthan,2001-02   ,180,6389,6008.6,1426.1,14003.7,3129,280.8,432.2,
Rajasthan,2000-01   ,155.7,5547.1,3606.3,731.5,10040.6,2035.4,805.4,561.3,
Rajasthan,1999-00   ,252.6,6731.9,2808.7,890.9,10684.1,3407.4,984.2,786.8,
Rajasthan,1998-99   ,205.5,6879.8,3414.8,2444.4,12944.5,3811.4,872,1078.8,
Rajasthan,1997-98   ,190.3,6701,4322.7,2634.9,13848.9,3296.9,867.5,1158.7,
Rajasthan,1996-97   ,174.2,6782,4025.5,1847.6,12829.3,3531.5,1363.3,1290.2,
Rajasthan,1995-96   ,117.6,5493.3,2500.4,1781.8,9893.1,3070,1338.3,1410.8,0.2
Rajasthan,1994-95   ,173.2,5612.7,3959,2494,12238.9,2834.1,875.2,987,
Rajasthan,1993-94   ,143.1,3459.5,2381.1,1357.4,7341.1,2405.2,838.7,1020,0.2
Rajasthan,1992-93   ,174.8,5147.8,4698.6,2040.6,12061.8,2541.5,1016.2,1129,0.3
Rajasthan,1991-92   ,119.5,4478.4,2466.5,1122,8186.4,2710.7,845.2,1360.7,0.4
Rajasthan,1990-91   ,142.1,4308.6,4765,2338.3,11554,2355.6,918.4,1203.1,0.4
Rajasthan,1989-90   ,151.1,3400.1,3826.1,1552,8929.3,1845.6,986.4,716.3,0.5
Rajasthan,1988-89   ,185.8,3964.1,4884.4,2211.3,11245.6,1917.2,600.8,686.3,1.3
Rajasthan,1987-88   ,47.3,2909.1,1351,527,4834.4,1258,218,948.4,0.1
Rajasthan,1986-87   ,129.3,3401.9,2313.8,1057.8,6902.8,882.6,698.6,1290.5,0.5
Rajasthan,1985-86   ,119.4,3721.2,2325.6,1766.9,7933.1,912.6,474.4,1009.5,0.5
Rajasthan,1984-85   ,212.8,2792.4,3526.8,1382.5,7914.5,1189.2,441.3,1369.3,1.2
Rajasthan,1983-84   ,217.5,3441.7,4737,1679.2,10075.4,951.4,578.9,1485.4,0.6
Rajasthan,1982-83   ,87.5,3787.2,2878.9,1623.8,8377.4,625.6,554,1429.9,0.2
Rajasthan,1981-82   ,138.8,2933.2,2558.2,1532.9,7163.1,652.3,425.4,1436.8,0.3
Rajasthan,1980-81   ,149.8,2393.9,2783.1,1169.7,6496.5,385.7,388.3,1163.9,0.3
Sikkim,2021-22   ,16,0.1,70,5.1,91.3,5.6,,,
Sikkim,2020-21   ,16.2,0.1,70.5,5,91.8,5.7,,,
Sikkim,2019-20   ,16.1,0.2,70.7,5,92.1,5.6,,,
Sikkim,2018-19   ,17.2,0.2,69.8,4.8,92,5.6,,,
Sikkim,2017-18   ,17.6,0.2,71,5.1,93.9,5.8,,,
Sikkim,2016-17   ,19.7,0.4,75.9,5.5,101.3,6.4,,,
Sikkim,2015-16   ,13.1,0.4,75.3,5.4,94.1,6.3,,,
Sikkim,2014-15   ,20.1,0.4,75.9,5.8,102.2,7.1,,,
Sikkim,2013-14   ,20.3,0.4,75.9,5.8,102.4,7.1,,,
Sikkim,2012-13   ,21.3,0.6,78.3,5.8,106,7.1,,,
Sikkim,2011-12   ,20.9,2.7,73.8,5.9,103.2,7.8,,,
Sikkim,2010-11   ,21,2.7,74.8,11.9,110.3,7.9,,,
Sikkim,2009-10   ,24.3,5.9,74.2,12.9,117.3,9.4,,,
Sikkim,2008-09   ,21.7,7.8,66.2,11.8,107.5,7.4,,,
Sikkim,2007-08   ,22.9,4.5,72.6,11.6,111.6,7.5,,,
Sikkim,2006-07   ,21.5,9,63.7,6.1,100.3,7.2,,,
Sikkim,2005-06   ,21.5,9,63.7,6.1,100.3,7.2,,,
Sikkim,2004-05   ,21.6,8.3,67.4,6.6,103.9,7.6,,,
Sikkim,2003-04   ,21.2,8.1,63.8,6.8,99.9,7.4,,,
Sikkim,2002-03   ,21.2,8.9,59.9,6.6,96.6,7.1,,,
Sikkim,2001-02   ,22.3,9.8,61,5.6,98.7,6.9,,,
Sikkim,2000-01   ,21.4,10.1,66.5,5.2,103.2,6.9,,,
Sikkim,1999-00   ,23.4,12.8,60.8,6.1,103.1,7.6,,,
Sikkim,1998-99   ,22,6.4,56.7,5.6,90.7,5.1,,,
Sikkim,1997-98   ,21.4,14,61.8,5.9,103.1,7.6,,,
Sikkim,1996-97   ,22.1,14.8,62.9,6,105.8,7.6,,,
Sikkim,1995-96   ,21.9,15.3,63,9.1,109.3,7.6,,,
Sikkim,1994-95   ,20.7,14.9,60.9,12.1,108.6,6.8,,,
Sikkim,1993-94   ,20.7,14.1,60.9,8.6,104.3,6.6,,,
Sikkim,1992-93   ,20.7,14.1,59.9,10.3,105,5.7,,,
Sikkim,1991-92   ,22.3,14.2,63.6,11,111.1,11.1,,,
Sikkim,1990-91   ,25.3,19.6,69,22.8,136.7,14.4,,,
Sikkim,1989-90   ,23,20.3,65.7,25.5,134.5,15.1,,,
Sikkim,1988-89   ,18.6,17.8,63.6,7.2,107.2,12.8,,,
Sikkim,1987-88   ,19,17.7,56.4,7.9,101,12.1,,,
Sikkim,1986-87   ,17.3,16.5,55.1,14.9,103.8,11.4,,,
Sikkim,1985-86   ,16.5,16.2,53.3,10.5,96.5,10.3,,,
Sikkim,1984-85   ,15.6,15.3,50.7,9.3,90.9,8.2,,,
Sikkim,1983-84   ,13.6,12.4,42.8,7.1,75.9,7.3,,,
Sikkim,1982-83   ,11.6,11.8,34.5,5.5,63.4,6,,,
Sikkim,1981-82   ,12,12.9,34.9,3.9,63.7,4.3,,,
Sikkim,1980-81   ,,,,,,,,,
Tamil Nadu,2022-23   ,7850.6,,3663.5,549.1,12063.2,948.1,356,16915.7,
Tamil Nadu,2021-22   ,7906.6,,3592.4,499,11998,1082.8,301.9,16166.4,
Tamil Nadu,2020-21   ,6881.2,,3470,472.5,10823.6,1062.9,243.2,13284.6,
Tamil Nadu,2019-20   ,7171.1,,3493.2,605.4,11269.8,1075,418,14119.1,
Tamil Nadu,2018-19   ,6130.9,,3708,551.2,10390.1,940.9,269,17140.2,
Tamil Nadu,2017-18   ,6638.9,,3518.4,556.3,10713.6,1038,445,17154,
Tamil Nadu,2016-17   ,2369.4,,1345.2,427.1,4141.6,604.1,359,18987.6,
Tamil Nadu,2015-16   ,7517.1,,3406.6,554.8,11478.5,932.2,369,25494.1,
Tamil Nadu,2014-15   ,5727.8,,3142.6,753.2,9623.7,985.3,686,28092.8,
Tamil Nadu,2013-14   ,5349.8,,2819.7,613.8,8783.2,964.2,408,32454.1,
Tamil Nadu,2012-13   ,4049.9,,1333,209.9,5592.8,816.9,500,33919.2,
Tamil Nadu,2011-12   ,7458.7,,2323.8,369.3,10151.8,1113.7,450,38575.7,
Tamil Nadu,2010-11   ,5792.4,,1556.5,246,7594.9,933.1,450,34251.8,
Tamil Nadu,2009-10   ,5665.2,,1642,204.1,7511.4,939.6,225,29745.6,
Tamil Nadu,2008-09   ,5182.7,,1755.1,164.5,7102.3,1043,187.7,32804.4,
Tamil Nadu,2007-08   ,5040.2,,1357.1,185,6582.3,1146.7,200.7,38071,
Tamil Nadu,2006-07   ,6610.6,,1361.9,290.5,8263,1083.5,220.9,41124,
Tamil Nadu,2005-06   ,5220,,730.2,177,6127.2,1152.9,213.3,35106.5,
Tamil Nadu,2004-05   ,5062.2,,868,245.6,6175.8,1061.1,194.8,23396,1.1
Tamil Nadu,2003-04   ,3222.8,,983,200.8,4406.6,963.6,122.7,17656,3.5
Tamil Nadu,2002-03   ,3577.1,,682.8,182.2,4442.1,760,83.5,24165.4,3.9
Tamil Nadu,2001-02   ,6584,,834,313.9,7731.9,1313,326.1,32620,1.6
Tamil Nadu,2000-01   ,7366.3,,937.8,312.7,8616.8,1441.7,316.6,33188,3.3
Tamil Nadu,1999-00   ,7532.1,,1065.9,370.8,8968.8,1476.4,339.5,34285,0.2
Tamil Nadu,1998-99   ,8141.4,,973,304.3,9418.7,1642,406.3,33764.8,1.8
Tamil Nadu,1997-98   ,6893.7,,965.8,244.2,8103.7,1474.2,358,30183.6,1.3
Tamil Nadu,1996-97   ,1903.8,,891.9,232.8,3028.5,461.8,329.9,25918.8,1
Tamil Nadu,1995-96   ,5290,0,882.2,379,6551.2,1593.6,339.4,32944.2,0.9
Tamil Nadu,1994-95   ,7562.8,0.1,1185.1,430.1,9178.1,1874.4,440,36456.1,0.3
Tamil Nadu,1993-94   ,6749.8,0.1,1231.2,346.8,8327.9,1968.3,426.2,25991.8,0.6
Tamil Nadu,1992-93   ,6805.7,0.1,1209.5,594.3,8609.6,1866.1,454,23064.2,0.2
Tamil Nadu,1991-92   ,6596.3,0.2,1317.6,579.5,8493.6,1597.7,437.2,24886.8,0.3
Tamil Nadu,1990-91   ,5782.4,0.2,1307.3,599.2,7689.1,1242.1,408.7,23480.2,1.2
Tamil Nadu,1989-90   ,6063.4,0.1,1415.6,676.9,8156,1304.4,511.7,23444.5,0.4
Tamil Nadu,1988-89   ,5590,0.1,1375.7,635.1,7600.9,1321.2,476.2,23767.6,1
Tamil Nadu,1987-88   ,5604.5,0.2,1662.2,554.2,7821.1,1324.4,436.6,20765.9,0.9
Tamil Nadu,1986-87   ,5332.7,0.3,1536.5,441.2,7310.7,1138.2,277.9,21604.7,1.6
Tamil Nadu,1985-86   ,5370.5,0.4,1480.3,322.3,7173.5,1233,484.7,20004.8,1.9
Tamil Nadu,1984-85   ,5361.6,0.4,1323.1,209.9,6895,1042.6,585,17594.2,2
Tamil Nadu,1983-84   ,4465.8,0.2,1472,246.4,6184.4,1038,262,13258.2,2.1
Tamil Nadu,1982-83   ,3504,0.3,1118.6,209.9,4832.8,913.5,248.1,15210,2
Tamil Nadu,1981-82   ,5607,0.4,1609.5,183.3,7400.2,1296.7,277.7,20208.1,1.5
Tamil Nadu,1980-81   ,4159,0.5,1180.3,146.7,5486.5,718.5,264.6,18570,0.6
Telangana,2022-23   ,16013.9,5.9,2957.1,458.3,19435.1,610.3,5312.7,2635,
Telangana,2021-22   ,12409.6,14.1,2349.2,575.9,15348.8,681.2,4878.1,2864.6,
Telangana,2020-21   ,10217.1,15.8,1922.9,589.7,12745.6,574,5797.9,1751,
Telangana,2019-20   ,7427.8,9.2,3138.9,549.2,11125,639.2,6833,2012.9,
Telangana,2018-19   ,6670,9.4,2155.7,440.1,9275.2,589.2,3847,3183.6,
Telangana,2017-18   ,6262.2,5.6,2639.3,514,9421.1,669.8,5195,2604.5,
Telangana,2016-17   ,5173.4,7,2768.2,536,8484.6,723,3444,2061,
Telangana,2015-16   ,3047,8.5,1834,239.6,5129,496,3661,2405,
Tripura,2021-22   ,810.9,0.1,41.6,18.3,870.9,12.6,0.8,48.4,6.5
Tripura,2020-21   ,803.1,0.1,44.2,20.3,867.6,13.2,0.9,48.6,6.2
Tripura,2019-20   ,810.2,0.3,24.1,18.7,853.3,14.4,,36.4,5.3
Tripura,2018-19   ,793.2,0.3,23.9,18.9,836.3,14,,35.9,10
Tripura,2017-18   ,812.1,0.4,23.6,19.3,855.3,13.8,,42.5,10
Tripura,2016-17   ,814.6,0.5,21.3,23.2,859.6,12.5,,,10.3
Tripura,2015-16   ,794.9,0.4,12.2,10.9,818.3,9,,,11.2
Tripura,2014-15   ,747,0.3,5.9,8.4,761.6,7.1,,,10.6
Tripura,2013-14   ,711.8,0.3,5.9,8.7,726.7,4.6,,49.6,12.4
Tripura,2012-13   ,713.2,1.3,4.7,6,725.2,2.4,,45.4,10.3
Tripura,2011-12   ,718.3,0.5,5.1,6,729.9,3.5,,45,10.7
Tripura,2010-11   ,702.5,0.6,4.1,5.2,712.4,3.4,,46.5,10.7
Tripura,2009-10   ,640,1.3,2,4.5,647.9,2.5,1.4,44.9,9.4
Tripura,2008-09   ,627.1,1.2,2,4.4,634.7,2.5,1.4,51.7,8.7
Tripura,2007-08   ,624.6,1.9,2.1,4.7,633.3,2.7,1.5,46.7,10.5
Tripura,2006-07   ,620.5,1.8,2.4,5.3,630,3.1,1.6,42.4,11.8
Tripura,2005-06   ,552.9,2.9,2.2,5.6,563.6,3.9,1.6,52.6,23.3
Tripura,2004-05   ,545.1,2.8,3,5.5,556.4,3.9,1.5,52.4,22.5
Tripura,2003-04   ,516.6,5.1,2.2,5.2,529.1,3.8,1.7,47.5,22.1
Tripura,2002-03   ,602.3,1.8,2.2,5.5,611.8,3.5,1.6,56.2,23.3
Tripura,2001-02   ,587.4,2.5,2.1,5.5,597.5,3.8,1.9,52.7,25.4
Tripura,2000-01   ,513.4,2.2,1.6,5.9,523.1,4.7,1.3,54.1,23.6
Tripura,1999-00   ,505.7,2.4,1,4.4,513.5,4.2,1,51.3,18
Tripura,1998-99   ,491.5,2.1,1.7,4.1,499.4,5.5,0.9,51.3,25.3
Tripura,1997-98   ,535.8,4.4,1.8,5.4,547.4,7.2,1.2,58,37
Tripura,1996-97   ,266,3.9,1.8,5.6,277.3,8.5,1.6,55,36
Tripura,1995-96   ,465.5,5.2,1.8,6.7,479.2,8.5,1.7,75,30.7
Tripura,1994-95   ,413.9,4.9,1.8,8,428.6,9.8,2.4,74.3,43.1
Tripura,1993-94   ,493.2,7.8,1.6,9.3,511.9,11.2,1.6,72.2,38.8
Tripura,1992-93   ,438.1,9.1,1.7,9.6,458.5,10.8,1.6,69,41.1
Tripura,1991-92   ,474.5,4.7,1.2,9.3,489.7,10.5,0.8,76.8,51
Tripura,1990-91   ,501.3,6.9,1.6,9.3,519.1,10.3,1,91,70.7
Tripura,1989-90   ,459.1,6.6,0,9.1,474.8,10.2,1,87.9,47.5
Tripura,1988-89   ,457.5,6.1,0,6.9,470.5,6.8,1.1,80.5,73.2
Tripura,1987-88   ,433.2,5.1,0,5.9,444.2,6,1,72.5,87.5
Tripura,1986-87   ,383.2,4.3,0,4.1,391.6,4.3,1.6,69.4,84.7
Tripura,1985-86   ,367.5,3.8,0,2.7,374,4,1.5,64.9,102.1
Tripura,1984-85   ,373,3.3,0,2.7,379,3.7,1.6,72.8,75
Tripura,1983-84   ,378.6,5.6,0,2.7,386.9,3.8,1.7,75.9,79.9
Tripura,1982-83   ,419.7,6,0,2.6,428.3,3.8,1.5,80,97.7
Tripura,1981-82   ,350,8.1,0,1.9,360,3.5,1.4,71.3,96.4
Tripura,1980-81   ,390,10.3,0,2.3,402.6,4.5,1.8,65,87.9
Uttar Pradesh,2022-23   ,15171.3,34910.8,4377.3,2786.5,57245.7,1322.7,9,"2,25,219.3",
Uttar Pradesh,2021-22   ,15271.5,33949.7,4347.3,2619.6,56188.1,1237.3,8.6,"1,79,167.1",
Uttar Pradesh,2020-21   ,15520,35506.6,4604.4,2475.9,58106.9,1276.2,6.5,"1,78,339.3",
Uttar Pradesh,2019-20   ,15517.8,33815.5,4388.5,2447.3,56169.1,1146.2,,"1,79,539.1",
Uttar Pradesh,2018-19   ,15545.3,32741.3,3948.8,2408,54643.4,1330.8,,"1,79,714.8",
Uttar Pradesh,2017-18   ,13274,31879.1,4016.8,2200,51369.9,1145.7,,"1,77,033.3",
Uttar Pradesh,2016-17   ,13754,30056,3909,2184.4,49903.1,1050.2,,"1,40,169.2",
Uttar Pradesh,2015-16   ,12501,25425.2,3460,1164.6,42550.8,864.5,,"1,45,385.0",
Uttar Pradesh,2014-15   ,12167.9,22417.4,3570,1438.7,39594,787.2,,"1,33,061.4",
Uttar Pradesh,2013-14   ,14636,29890.9,3803.2,1697.4,50027.5,895.8,,"1,34,688.6",
Uttar Pradesh,2012-13   ,14416,30301.9,3695.5,2332,50745.4,1030.5,,"1,32,427.7",
Uttar Pradesh,2011-12   ,14022,30292.6,3566,2403,50283.6,935,,"1,28,819.0",
Uttar Pradesh,2010-11   ,11992,30001,3217.6,2037,47247.6,919.5,,"1,20,545.0",
Uttar Pradesh,2009-10   ,10807.1,27518,2968.8,1901.4,43195.3,816,5,"1,17,140.0",
Uttar Pradesh,2008-09   ,13097,28554,3080.2,1998.1,46729.3,1164.5,0.8,"1,09,048.0",
Uttar Pradesh,2007-08   ,11780,25679,3058.9,1576.9,42094.8,1146.8,6.8,"1,24,665.3",
Uttar Pradesh,2006-07   ,11124,25031,3084.4,1975.1,41214.5,1033.3,7,"1,33,949.4",
Uttar Pradesh,2005-06   ,11133.7,24073.8,2971.2,2231.5,40410.2,1066.5,5.2,"1,25,469.9",
Uttar Pradesh,2004-05   ,9555.6,22513.9,3391.8,2375,37836.3,952.3,5.1,"1,18,715.6",
Uttar Pradesh,2003-04   ,13018.8,25566.7,3260.7,2400.3,44246.5,927.8,4.2,"1,12,754.0",
Uttar Pradesh,2002-03   ,9594.9,23612.4,2732.3,2202,38141.6,881.4,4.4,"1,20,948.0",
Uttar Pradesh,2001-02   ,12856,25498,3405.5,2377,44136.5,1034,4.6,"1,17,982.0",
Uttar Pradesh,2000-01   ,11679.2,25168.3,3707.1,2160.3,42714.9,1144.6,4.8,"1,06,067.5",
Uttar Pradesh,1999-00   ,13231,25976.4,3843.4,2598.8,45649.6,1286.6,6,"1,15,418.9",
Uttar Pradesh,1998-99   ,11386.6,23465.2,3241.9,2323.5,40417.2,1088.7,0.8,"1,16,483.4",
Uttar Pradesh,1997-98   ,12175.4,22838.9,4311.7,2232.8,41558.8,1006.4,8.3,"1,29,266.7",
Uttar Pradesh,1996-97   ,11767.7,24049.6,3939.4,2625.4,42382.1,1538.8,7.3,"1,25,348.4",
Uttar Pradesh,1995-96   ,10362.5,21815.6,3930.1,3178.3,39286.5,1423.8,15.1,"1,19,830.4",0.4
Uttar Pradesh,1994-95   ,10365,22560.2,3803.3,3497.8,40226.3,1378.9,11.6,"1,10,238.8",0.5
Uttar Pradesh,1993-94   ,10210.1,20822.4,3649.5,3553.5,38235.5,1423.8,12.4,"1,04,081.6",1.7
Uttar Pradesh,1992-93   ,9709.3,19834.3,4167,3550.5,37261.1,1202.2,13.5,"1,02,929.1",1.3
Uttar Pradesh,1991-92   ,9411.4,20229.4,3358.8,3541.7,36541.3,1375.7,14.1,"1,11,098.2",2.4
Uttar Pradesh,1990-91   ,10260.3,18600.1,4038.8,3844.4,36743.6,1342.7,16.4,"1,03,562.2",7
Uttar Pradesh,1989-90   ,9476.9,17684.1,4392.1,3258.9,34812,1146.9,18.4,97422.3,13.8
Uttar Pradesh,1988-89   ,9287.5,19611.3,3741.5,3486.7,36127,1160.8,16.7,88522.7,30
Uttar Pradesh,1987-88   ,6475,16789,3059.1,3062.5,29385.6,858.8,21.7,93054,45.2
Uttar Pradesh,1986-87   ,7509.3,16235.9,3876.3,3338.3,30959.8,916.7,23.9,84736.3,57.7
Uttar Pradesh,1985-86   ,8314.5,16559.3,3738.7,2812.6,31425.1,1007.6,26.7,73036.8,81.8
Uttar Pradesh,1984-85   ,7156.9,15675,4367.9,2688.9,29888.7,1113.4,22.2,70888.2,60.2
Uttar Pradesh,1983-84   ,6776.3,16121,3798,2487.2,29182.5,1181,19.6,78243.8,58.3
Uttar Pradesh,1982-83   ,5644.8,15258.2,3038.9,2541.5,26483.4,1336.4,28.3,81386.7,89.6
Uttar Pradesh,1981-82   ,5898.3,12749,3378.7,2262.9,24288.9,1713,22.4,76440.1,75.5
Uttar Pradesh,1980-81   ,5569.7,13385,3467.6,2523.6,24945.9,1652,30.6,64204.9,72.1
Uttarakhand,2022-23   ,641.7,847.6,250.8,60.3,1800.4,28.8,,3760,
Uttarakhand,2021-22   ,716,863,281.9,63.5,1924.4,27.5,,3520,
Uttarakhand,2020-21   ,714.9,955.3,270.3,61.3,2001.8,26.2,,3680,
Uttarakhand,2019-20   ,658.4,904.1,265.8,57.8,1886,25.1,,6937.7,
Uttarakhand,2018-19   ,617.6,951.6,251.7,55.3,1876.1,27.2,,6329.3,
Uttarakhand,2017-18   ,646.7,915.4,286.9,54.2,1903.2,26.6,,6271.4,
Uttarakhand,2016-17   ,630,882,308,53,1873,26,,6477,
Uttarakhand,2015-16   ,639.1,772.4,282.8,51.6,1745.9,35.6,,5885.8,
Uttarakhand,2014-15   ,603.7,654.2,313.6,54.6,1626,29.6,,6165.1,
Uttarakhand,2013-14   ,578.6,842.4,298.9,56.5,1776.5,34.1,,5939.8,
Uttarakhand,2012-13   ,579.8,858.2,338.4,51.3,1827.7,39.7,,6784.8,
Uttarakhand,2011-12   ,594,878,331,49,1852,32.5,,6311,
Uttarakhand,2010-11   ,550.4,878,335,52.1,1815.5,27.5,,6497.6,
Uttarakhand,2009-10   ,608,845,297,46,1796,33,,5842,
Uttarakhand,2008-09   ,582,797,347,39,1765,26,,5590,
Uttarakhand,2007-08   ,593,814,339,50,1796,29,,7686,
Uttarakhand,2006-07   ,556,801,344,34,1735,21,,6100,
Uttarakhand,2005-06   ,590,645,323,36,1594,30,,6134,
Uttarakhand,2004-05   ,572,803,358,28,1761,38,,6441,
Uttarakhand,2003-04   ,569,745,381,29,1724,34,,7651,
Uttarakhand,2002-03   ,483,750,297,29.1,1559.1,23,,7331.7,
Uttarakhand,2001-02   ,614.4,734.8,339.3,19,1707.5,17.7,,7555.3,
Uttarakhand,2000-01   ,621.5,714.6,368.5,21.8,1726.4,14.5,,7349.2,
West Bengal,2022-23   ,15636.9,543.6,2667,443,19290.5,1277.5,0.8,1476.2,7745.5
West Bengal,2021-22   ,16728.7,655.8,2533.5,389.6,20307.6,1194,0.3,1591.3,8353.6
West Bengal,2020-21   ,16524.4,594.7,2443.6,441.9,20004.6,1112.3,0.9,1418.3,7592.8
West Bengal,2019-20   ,15881.4,509.9,2018.1,384.9,18794.3,1015.7,,1527.6,8067.4
West Bengal,2018-19   ,16242.2,337.8,1741.5,368.4,18689.9,1163.6,,1335.4,7770.2
West Bengal,2017-18   ,14967,312,1154.7,443.8,16877.5,1134.1,,1437,7637.9
West Bengal,2016-17   ,15302.5,862.7,721.6,259.7,17146.4,908.7,,1549.8,8349.6
West Bengal,2015-16   ,15953.9,960,732.7,334,17980.6,926.9,,2075,7776.8
West Bengal,2014-15   ,14677.2,939.3,678.9,236.5,16531.8,901.4,,2105.5,8453.7
West Bengal,2013-14   ,15370.7,927.8,538.6,241.7,17078.9,909.9,,1945,8882.4
West Bengal,2012-13   ,15023.7,895.9,434.6,192.3,16546.5,850.7,,1617,8310.8
West Bengal,2011-12   ,14605.8,872.9,376.4,130.6,15985.7,672.4,,1681.4,8623
West Bengal,2010-11   ,13045.9,874.4,370.4,176.1,14466.9,703.6,,1134.1,8214.2
West Bengal,2009-10   ,14340.7,846.7,404,150.1,15741.5,727.1,3.3,1000.8,9400.1
West Bengal,2008-09   ,15037.3,764.5,365.4,128.5,16295.7,582.6,6,1638.3,7965.5
West Bengal,2007-08   ,14719.5,917.3,265.8,147.6,16050.2,705.1,13.2,1272,8293.5
West Bengal,2006-07   ,14745.9,799.9,274.7,154,15974.5,645.4,14.7,1266.7,8506
West Bengal,2005-06   ,14510.8,773.5,150.3,174.3,15608.9,610.4,6,1247.7,8114.5
West Bengal,2004-05   ,14884.8,841.5,162,167.1,16055.4,652.9,3,1033.2,7934.8
West Bengal,2003-04   ,14662.3,985.7,150,211.7,16009.7,650.7,2.8,1252.6,8465.5
West Bengal,2002-03   ,14389.2,887.4,77.9,167.6,15522.1,476.1,1.5,1281.3,8578.1
West Bengal,2001-02   ,15256.7,961.5,108.1,174.9,16501.2,495.3,4.5,1983.4,8927.5
West Bengal,2000-01   ,12428.1,1058.6,109,219.3,13815,570.9,2.7,1465.6,7512
West Bengal,1999-00   ,13759.7,850.8,93.6,211.5,14915.6,406.2,2,1762.8,7675.4
West Bengal,1998-99   ,13316.5,778.1,146.5,126.1,14367.2,382.5,0.1,2001.9,7454.6
West Bengal,1997-98   ,13216.6,810.5,154.5,151.6,14333.2,387.7,0.5,1825.7,7638.7
West Bengal,1996-97   ,12636.8,839,109,171.5,13756.3,429.6,0.4,1810.3,7572.7
West Bengal,1995-96   ,11887,725.3,131.4,244.5,12988.2,372.1,0.3,1311.8,5742.7
West Bengal,1994-95   ,12235.9,744.5,163.6,244.4,13388.4,414.6,0.1,648.9,5988.2
West Bengal,1993-94   ,12110.9,632.1,187,319.8,13249.8,416.2,0.1,542.4,5639.3
West Bengal,1992-93   ,11445.4,587.3,157.6,372.3,12562.6,411,0.1,888.7,5437.9
West Bengal,1991-92   ,11954.2,557.5,169.6,328.7,13010,451,0.2,969.3,6466.9
West Bengal,1990-91   ,10436.5,530.2,110.1,367.4,11444.2,453.8,0.2,859.3,5542.1
West Bengal,1989-90   ,10923.6,569,151.4,400.2,12044.2,418.3,0.1,1031,5041.2
West Bengal,1988-89   ,10559.8,625,121.8,377.1,11683.7,403.8,0,1162.4,4579.5
West Bengal,1987-88   ,9271.8,673.9,132.8,406.8,10485.3,506.2,0.6,691.5,3680.8
West Bengal,1986-87   ,8463,682.6,265.6,337.5,9748.7,263.8,0.6,757.4,5023.8
West Bengal,1985-86   ,7991,738.7,134,263.8,9127.5,233.8,0.2,812.1,7624.7
West Bengal,1984-85   ,8092.6,812.2,130.5,221.1,9256.4,236.2,0.2,769.9,4464.9
West Bengal,1983-84   ,7940.4,854.2,117.4,258,9170,195.2,0.3,1022.4,4110.9
West Bengal,1982-83   ,4949.1,605.5,100,197.6,5852.2,170,0.3,1599.6,3885.2
West Bengal,1981-82   ,5832.6,389.3,103.3,224.5,6549.7,176,0.2,1410.8,4622.6
West Bengal,1980-81   ,7465.6,473.2,104.4,237.8,8281,148.9,0.1,867.4,4702.1
