State,Year,Rice,Wheat,Cereals,Pulses,Food-grains,Oilseeds,Cotton,Sugar-cane,Raw Jute & Mesta
Andhra Pradesh,2022-23   ,"8,542.3",-,"2,753.5",993.4,"12,289.2",616.1,"1,578.9","3,121.5",11.3
Andhra Pradesh,2021-22   ,"7,763.6",-,"2,258.4","1,054.5","11,076.5",548.9,"1,707.6","3,645.4",11.0
Andhra Pradesh,2020-21   ,"7,882.9",-,"2,321.6","1,094.6","11,299.0",804.6,"1,600.6","4,138.6",10.4
Andhra Pradesh,2019-20   ,"8,658.9",-,"2,531.2","1,166.7","12,356.8",901.2,"2,508.0","6,724.0",21.3
Andhra Pradesh,2018-19   ,"8,234.7",-,"1,864.5",739.6,"10,838.8",504.4,"1,491.0","8,094.6",30.3
Andhra Pradesh,2017-18   ,"8,166.2",-,"2,776.1","1,217.4","12,159.8","1,096.7","2,087.0","7,789.6",47.2
Andhra Pradesh,2016-17   ,"7,452.4",-,"1,982.0",931.0,"10,365.4",664.2,"1,564.0","7,830.0",63.0
Andhra Pradesh,2015-16   ,"7,488.7",-,"1,916.0","1,229.0","10,633.7",873.0,"1,888.0","9,353.0",44.0
Andhra Pradesh,2014-15   ,"7,233.9",6.0,"2,310.2",950.0,"10,494.1",597.2,"2,841.0","13,150.0",50.0
Andhra Pradesh,2013-14   ,"6,969.7",4.0,"2,486.8","1,061.8","10,522.3","1,022.7","1,411.1","15,385.0",83.0
Andhra Pradesh,2012-13   ,"6,862.4",1.0,"2,433.6","1,132.7","10,429.8",928.3,"2,025.2","15,567.0",127.0
Andhra Pradesh,2011-12   ,"7,746.2",11.0,"2,188.3",933.6,"10,868.1",723.8,"4,900.0","16,686.0",202.0
Andhra Pradesh,2010-11   ,"7,882.4",1.0,"2,205.0",964.1,"11,052.5","1,332.3","5,300.0","14,964.0",223.0
Andhra Pradesh,2009-10   ,"10,538.0",10.0,"3,318.0","1,429.0","15,295.0","1,500.0","3,227.0","11,708.0",191.9
Andhra Pradesh,2008-09   ,"14,241.0",16.0,"4,716.0","1,448.0","20,421.0","2,189.1","3,569.0","15,380.0",295.0
Andhra Pradesh,2007-08   ,"13,324.0",8.0,"4,274.0","1,697.0","19,303.0","3,390.0","3,491.0","20,296.0",501.0
Andhra Pradesh,2006-07   ,"11,872.0",9.0,"3,001.0","1,347.0","16,229.0","1,362.0","2,181.0","21,692.0",544.0
Andhra Pradesh,2005-06   ,"11,704.0",9.0,"3,862.0","1,376.0","16,951.0","2,041.0","2,108.0","17,656.0",455.0
Andhra Pradesh,2004-05   ,"9,601.0",5.0,"2,771.0","1,019.0","13,396.0","2,209.4","2,190.0","15,739.0",458.0
Andhra Pradesh,2003-04   ,"8,953.0",7.0,"3,498.0","1,239.0","13,697.0","1,614.1","1,890.0","15,070.0",470.0
Andhra Pradesh,2002-03   ,"7,327.0",14.0,"2,251.0","1,061.6","10,653.6","1,256.3","1,085.7","15,387.2",613.0
Andhra Pradesh,2001-02   ,"11,389.8",9.0,"2,299.0","1,137.7","14,835.5","1,614.0","1,877.0","18,082.0",671.5
Andhra Pradesh,2000-01   ,"12,458.0",8.0,"2,509.0","1,054.2","16,029.2","2,510.9","1,662.7","17,690.1",687.0
Andhra Pradesh,1999-00   ,"10,637.8",9.0,"2,249.2",800.2,"13,696.2","1,382.7","1,595.0","18,508.0",623.2
Andhra Pradesh,1998-99   ,"11,878.0",6.0,"2,194.0",827.0,"14,905.0","2,465.8","1,522.0","16,503.3",542.0
Andhra Pradesh,1997-98   ,"8,510.0",6.0,"1,790.6",606.9,"10,913.5","1,424.1","1,320.4","13,955.0",562.0
Andhra Pradesh,1996-97   ,"10,686.0",9.0,"2,142.2",838.0,"13,675.2","2,396.2","1,878.4","15,030.0",699.0
Andhra Pradesh,1995-96   ,"9,014.2",7.8,"1,873.4","1,358.3","12,253.7","3,039.9","1,610.1","15,179.5",630.3
Andhra Pradesh,1994-95   ,"9,276.7",8.4,"1,826.0","1,101.5","12,212.6","2,110.1","1,425.6","16,046.0",629.5
Andhra Pradesh,1993-94   ,"9,562.0",5.9,"2,008.6","1,175.7","12,752.2","2,899.6","1,349.2","13,474.2",491.5
Andhra Pradesh,1992-93   ,"8,792.2",7.6,"2,118.8","1,364.2","12,282.8","2,312.7","1,147.3","12,163.2",491.4
Andhra Pradesh,1991-92   ,"9,249.4",6.8,"1,657.4","1,405.7","12,319.3","2,490.0","1,290.5","15,056.7",664.5
Andhra Pradesh,1990-91   ,"9,654.0",9.0,"1,971.1","1,248.8","12,882.9","2,542.3","1,110.1","12,667.3",655.9
Andhra Pradesh,1989-90   ,"9,959.1",8.5,"2,122.2","1,240.8","13,330.6","2,266.0",931.3,"11,134.0",586.5
Andhra Pradesh,1988-89   ,"10,621.1",9.5,"1,577.1","1,279.9","13,487.6","2,310.4",565.6,"10,766.6",496.7
Andhra Pradesh,1987-88   ,"7,087.1",4.9,"2,150.7","1,239.3","10,482.0","2,085.9",536.8,"9,490.2",287.5
Andhra Pradesh,1986-87   ,"6,591.5",4.8,"1,949.9","1,132.4","9,678.6","1,436.3",609.3,"8,807.6",541.2
Andhra Pradesh,1985-86   ,"7,613.5",7.4,"2,123.9",629.0,"10,373.8","1,439.4",743.1,"9,674.6",737.4
Andhra Pradesh,1984-85   ,"6,909.1",7.9,"2,196.3",501.8,"9,615.1","1,367.9",984.4,"9,791.1",490.0
Andhra Pradesh,1983-84   ,"8,790.7",14.0,"2,510.5",566.1,"11,881.3","1,839.0","1,018.7","9,742.9",582.2
Andhra Pradesh,1982-83   ,"7,671.3",13.0,"2,902.8",585.2,"11,172.3","1,255.7",624.0,"12,606.3",512.9
Andhra Pradesh,1981-82   ,"7,867.9",11.5,"3,067.1",466.6,"11,413.1","1,547.0",663.4,"14,961.5",750.0
Andhra Pradesh,1980-81   ,"7,011.4",5.9,"2,559.9",414.5,"9,991.7",928.1,750.0,"10,053.9",676.3
Arunachal Pradesh,2022-23   ,-,-,-,-,-,-,-,-,-
Arunachal Pradesh,2021-22   ,252.4,7.9,113.4,14.5,388.2,37.8,-,46.3,-
Arunachal Pradesh,2020-21   ,247.1,7.7,107.9,14.3,377.1,37.3,-,46.4,-
Arunachal Pradesh,2019-20   ,244.7,6.7,107.6,14.2,373.2,37.1,-,39.2,-
Arunachal Pradesh,2018-19   ,240.0,7.7,105.4,12.0,365.2,37.0,-,45.8,-
Arunachal Pradesh,2017-18   ,233.3,7.7,104.5,13.5,359.1,37.0,-,38.4,-
Arunachal Pradesh,2016-17   ,220.0,7.7,102.5,13.1,343.3,36.6,-,37.7,-
Arunachal Pradesh,2015-16   ,204.0,7.7,102.8,13.0,327.5,36.4,-,40.8,-
Arunachal Pradesh,2014-15   ,285.0,7.5,102.0,14.5,409.0,33.9,-,29.7,-
Arunachal Pradesh,2013-14   ,276.2,4.5,92.8,11.2,384.6,31.4,-,30.4,-
Arunachal Pradesh,2012-13   ,263.0,4.4,91.6,10.6,369.6,30.8,-,30.2,-
Arunachal Pradesh,2011-12   ,255.0,6.5,90.5,10.5,362.5,33.0,-,30.0,-
Arunachal Pradesh,2010-11   ,234.0,5.9,84.7,9.1,333.7,29.1,-,29.0,-
Arunachal Pradesh,2009-10   ,215.8,4.8,78.6,9.7,308.9,28.3,-,27.1,-
Arunachal Pradesh,2008-09   ,163.9,5.2,77.7,9.0,255.8,30.5,-,23.4,-
Arunachal Pradesh,2007-08   ,158.1,5.3,76.8,8.3,248.5,25.6,-,21.8,-
Arunachal Pradesh,2006-07   ,146.2,6.3,84.9,8.3,245.7,22.7,-,16.8,-
Arunachal Pradesh,2005-06   ,146.2,6.1,80.3,8.3,240.9,22.7,-,16.8,-
Arunachal Pradesh,2004-05   ,135.0,8.7,76.4,6.8,226.9,27.0,-,14.1,-
Arunachal Pradesh,2003-04   ,154.6,6.3,75.8,7.4,244.1,27.3,-,15.2,-
Arunachal Pradesh,2002-03   ,152.5,6.3,75.8,7.7,242.3,28.2,-,15.3,-
Arunachal Pradesh,2001-02   ,134.6,5.3,70.4,7.1,217.4,28.2,-,18.9,-
Arunachal Pradesh,2000-01   ,132.7,6.2,69.6,6.8,215.3,25.6,-,-,-
Arunachal Pradesh,1999-00   ,134.8,5.1,65.4,4.9,210.2,25.7,-,-,-
Arunachal Pradesh,1998-99   ,114.1,4.4,62.6,6.8,187.9,23.9,-,-,-
Arunachal Pradesh,1997-98   ,129.5,5.7,68.0,6.8,210.0,23.0,-,-,-
Arunachal Pradesh,1996-97   ,129.4,6.1,64.3,6.7,206.5,22.9,-,-,-
Arunachal Pradesh,1995-96   ,124.5,7.3,66.0,5.7,203.5,23.8,-,-,-
Arunachal Pradesh,1994-95   ,105.8,7.6,74.2,5.6,193.2,23.5,-,-,-
Arunachal Pradesh,1993-94   ,144.0,8.5,74.2,5.3,232.0,25.2,-,-,-
Arunachal Pradesh,1992-93   ,116.9,6.4,65.8,5.3,194.4,23.8,-,-,-
Arunachal Pradesh,1991-92   ,143.1,6.8,65.4,4.5,219.8,19.9,-,-,-
Arunachal Pradesh,1990-91   ,142.5,6.7,65.1,4.2,218.5,19.8,-,-,-
Arunachal Pradesh,1989-90   ,138.8,6.4,64.2,0.0,209.4,17.8,-,-,-
Arunachal Pradesh,1988-89   ,135.8,4.5,57.1,0.0,197.4,15.4,-,-,-
Arunachal Pradesh,1987-88   ,134.0,9.0,51.0,0.0,194.0,15.5,3.3,-,-
Arunachal Pradesh,1986-87   ,125.1,6.9,55.0,0.0,187.0,15.5,3.3,-,-
Arunachal Pradesh,1985-86   ,130.0,4.4,54.5,0.0,188.9,13.8,3.3,-,-
Arunachal Pradesh,1984-85   ,117.6,6.6,48.8,0.0,173.0,8.1,0.1,-,-
Arunachal Pradesh,1983-84   ,110.7,6.1,45.3,0.0,162.1,7.9,0.1,-,-
Arunachal Pradesh,1982-83   ,97.4,4.2,45.5,0.0,147.1,7.2,0.1,-,-
Arunachal Pradesh,1981-82   ,94.2,4.0,41.7,0.0,139.9,6.6,0.1,-,-
Arunachal Pradesh,1980-81   ,88.2,3.8,39.0,0.0,131.0,6.1,0.1,-,-
Assam,2022-23   ,"4,979.8",26.0,147.5,81.9,"5,235.1",198.2,0.4,"1,157.5",790.0
Assam,2021-22   ,"4,382.1",11.4,173.4,110.8,"4,677.7",200.5,0.4,"1,160.0",761.5
Assam,2020-21   ,"5,214.8",12.9,151.2,108.7,"5,487.5",199.9,0.4,"1,093.1",794.2
Assam,2019-20   ,"4,984.6",14.4,131.3,106.1,"5,236.4",192.4,-,"1,218.1",811.7
Assam,2018-19   ,"5,220.6",23.7,108.0,113.5,"5,465.9",198.4,-,"1,093.9",781.4
Assam,2017-18   ,"5,283.7",24.7,101.8,115.8,"5,525.9",200.6,-,"1,143.0",861.5
Assam,2016-17   ,"4,727.4",23.5,94.1,107.5,"4,952.5",204.3,-,"1,207.2",824.1
Assam,2015-16   ,"5,125.1",34.3,91.6,107.6,"5,358.6",215.2,-,"1,038.3",894.1
Assam,2014-15   ,"5,222.7",28.8,96.4,111.0,"5,458.8",205.7,-,"1,099.1",793.2
Assam,2013-14   ,"4,927.1",40.4,25.0,104.3,"5,096.8",186.3,-,"1,075.2",746.6
Assam,2012-13   ,"5,128.5",44.2,23.5,84.4,"5,280.6",186.8,-,"1,028.2",583.1
Assam,2011-12   ,"4,516.3",60.3,18.2,68.6,"4,663.3",149.5,-,993.5,638.8
Assam,2010-11   ,"4,736.6",52.8,17.0,70.1,"4,876.5",153.6,-,"1,075.0",650.7
Assam,2009-10   ,"4,335.9",63.5,17.2,64.6,"4,481.2",144.7,0.8,"1,059.0",735.5
Assam,2008-09   ,"4,008.5",54.6,15.4,64.5,"4,143.0",137.9,0.6,"1,099.7",674.3
Assam,2007-08   ,"3,319.0",71.0,17.0,63.0,"3,470.0",139.0,0.6,980.0,683.7
Assam,2006-07   ,"2,916.0",67.0,18.0,59.0,"3,060.0",134.0,0.6,"1,055.0",583.3
Assam,2005-06   ,"3,552.5",53.7,17.6,54.0,"3,677.8",113.2,0.6,871.2,603.6
Assam,2004-05   ,"3,470.7",68.1,18.0,61.4,"3,618.2",146.8,1.0,883.9,435.8
Assam,2003-04   ,"3,880.0",73.0,18.0,64.0,"4,035.0",157.0,1.0,981.0,692.0
Assam,2002-03   ,"3,738.0",78.0,18.0,60.0,"3,894.0",149.0,1.0,916.0,716.0
Assam,2001-02   ,"3,854.0",85.3,18.0,65.7,"4,023.0",156.0,1.0,"1,011.4",699.0
Assam,2000-01   ,"3,998.5",85.7,20.0,62.3,"4,166.5",160.0,0.8,988.0,692.7
Assam,1999-00   ,"3,861.0",98.0,19.0,64.0,"4,042.0",147.6,1.0,"1,155.0",684.0
Assam,1998-99   ,"3,254.8",90.5,19.5,69.2,"3,434.0",154.2,0.8,"1,223.6",712.8
Assam,1997-98   ,"3,382.9",110.1,20.1,64.5,"3,577.6",173.9,0.8,"1,287.6",933.1
Assam,1996-97   ,"3,328.2",117.1,18.4,68.4,"3,532.1",159.5,0.8,"1,490.3",829.8
Assam,1995-96   ,"3,390.0",95.1,19.0,102.5,"3,606.6",155.7,0.8,"1,490.3",870.8
Assam,1994-95   ,"3,309.1",103.6,17.1,106.7,"3,536.5",163.7,0.8,"1,505.0",950.9
Assam,1993-94   ,"3,361.1",100.8,16.1,101.4,"3,579.4",144.7,0.8,"1,373.9",702.3
Assam,1992-93   ,"3,299.7",78.7,17.5,91.9,"3,487.8",149.7,0.9,"1,547.7","1,063.5"
Assam,1991-92   ,"3,197.2",111.2,17.5,96.1,"3,422.0",189.6,1.0,"1,454.0",901.3
Assam,1990-91   ,"3,270.2",104.8,18.3,48.5,"3,441.8",169.3,1.0,"1,522.0",900.8
Assam,1989-90   ,"2,794.8",87.5,17.8,51.0,"2,951.1",146.2,1.1,"1,666.5",828.9
Assam,1988-89   ,"2,439.3",122.3,15.7,51.1,"2,628.4",166.5,1.1,"1,864.4",711.3
Assam,1987-88   ,"2,715.8",105.8,16.6,60.9,"2,899.1",179.9,1.4,"1,882.8",926.4
Assam,1986-87   ,"2,385.3",125.8,16.4,60.5,"2,588.0",160.5,1.4,"2,116.9",994.9
Assam,1985-86   ,"2,846.6",100.5,17.2,66.2,"3,030.5",150.1,1.6,"1,971.4","1,231.6"
Assam,1984-85   ,"2,438.0",154.8,18.2,59.5,"2,670.5",136.9,1.6,"2,687.2",882.4
Assam,1983-84   ,"2,514.5",127.9,15.9,50.6,"2,708.9",153.2,1.9,"2,159.0",905.4
Assam,1982-83   ,"2,583.3",121.0,16.2,52.8,"2,773.3",135.3,1.8,"2,075.9","1,006.2"
Assam,1981-82   ,"2,235.6",115.6,15.7,52.2,"2,419.1",112.0,2.0,"2,152.5","1,003.0"
Assam,1980-81   ,"2,522.8",118.3,17.5,47.1,"2,705.7",111.9,2.0,"1,723.2",961.4
Bihar,2022-23   ,"6,725.2","6,360.2","3,059.0",363.9,"16,508.3",136.8,-,"12,059.9",799.5
Bihar,2021-22   ,"7,716.9","6,223.8","2,689.5",388.0,"17,018.2",121.5,-,"12,025.6",852.1
Bihar,2020-21   ,"6,747.0","6,149.7","2,109.1",376.8,"15,382.6",124.1,-,"12,109.8",787.5
Bihar,2019-20   ,"6,298.0","5,579.7","2,020.9",334.4,"14,233.0",124.7,-,"13,578.8",802.1
Bihar,2018-19   ,"6,155.5","6,465.6","2,525.4",453.5,"15,600.1",125.0,-,"20,116.3","1,084.5"
Bihar,2017-18   ,"8,093.1","6,104.3","2,385.2",454.2,"17,036.9",124.3,-,"13,824.6","1,280.0"
Bihar,2016-17   ,"8,239.3","5,110.8","2,719.1",461.7,"16,530.8",125.9,-,"13,036.0","1,571.0"
Bihar,2015-16   ,"6,802.2","4,736.4","2,548.6",420.7,"14,507.9",126.5,-,"12,649.3","1,630.0"
Bihar,2014-15   ,"6,356.7","3,987.0","2,371.0",493.9,"13,208.6",127.0,-,"14,034.1","1,637.1"
Bihar,2013-14   ,"5,505.8","4,738.0","2,139.9",522.0,"12,905.8",146.2,-,"12,881.8","1,745.1"
Bihar,2012-13   ,"7,529.3","5,357.2","2,510.3",542.8,"15,939.6",143.3,-,"12,741.4","1,717.7"
Bihar,2011-12   ,"7,162.6","4,725.0","1,648.3",511.3,"14,047.2",139.5,-,"11,288.6","1,738.8"
Bihar,2010-11   ,"3,102.1","4,097.6","1,484.5",537.8,"9,221.9",136.3,-,"12,763.6","1,310.4"
Bihar,2009-10   ,"3,599.3","4,570.8","1,508.0",472.5,"10,150.6",144.6,-,"5,032.6","1,277.7"
Bihar,2008-09   ,"5,590.3","4,410.0","1,751.3",469.1,"12,220.7",138.0,-,"4,959.9","1,220.1"
Bihar,2007-08   ,"4,418.1","4,450.4","1,498.5",497.1,"10,864.1",137.9,-,"3,854.9","1,464.9"
Bihar,2006-07   ,"4,989.3","3,911.4","1,759.7",438.2,"11,098.6",147.4,-,"5,955.5","1,389.8"
Bihar,2005-06   ,"3,495.5","3,239.0","1,405.5",446.8,"8,586.8",136.5,-,"4,337.9","1,386.6"
Bihar,2004-05   ,"2,472.2","3,263.4","1,501.9",466.9,"7,704.4",116.9,-,"4,111.7","1,180.2"
Bihar,2003-04   ,"5,447.8","3,688.9","1,513.3",562.6,"11,212.6",123.8,-,"4,285.9","1,286.3"
Bihar,2002-03   ,"5,085.5","4,040.6","1,397.7",560.9,"11,084.7",104.9,-,"4,520.5","1,093.8"
Bihar,2001-02   ,"5,202.9","4,391.1","1,541.1",547.0,"11,682.1",120.2,-,"5,211.1","1,101.7"
Bihar,2000-01   ,"5,442.6","4,438.0","1,555.0",620.7,"12,056.3",131.1,-,"3,987.6","1,380.0"
Bihar,1999-00   ,"7,251.9","4,687.1","1,701.7",746.9,"14,387.6",139.5,-,"4,088.5","1,276.2"
Bihar,1998-99   ,"6,769.4","4,403.7","1,660.5",792.3,"13,625.9",173.9,-,"5,101.1",816.9
Bihar,1997-98   ,"7,133.2","4,848.7","1,441.5",661.7,"14,085.1",150.9,-,"4,959.9","1,463.1"
Bihar,1996-97   ,"3,323.9","4,560.7","1,830.8",745.4,"10,460.8",135.0,-,"5,842.5","1,640.0"
Bihar,1995-96   ,"6,640.0","4,238.9","1,513.8",952.9,"13,345.6",142.2,0.1,"5,484.8","1,167.2"
Bihar,1994-95   ,"6,297.9","4,275.0","1,608.5","1,331.2","13,512.6",144.1,0.5,"5,663.3","1,134.4"
Bihar,1993-94   ,"6,108.5","4,356.7","1,575.4","1,216.1","13,256.7",151.4,0.2,"4,397.9","1,024.9"
Bihar,1992-93   ,"3,641.2","3,449.5","1,298.4","1,207.8","9,596.9",117.6,0.2,"6,031.6","1,942.8"
Bihar,1991-92   ,"4,753.2","3,594.3","1,440.5","1,447.4","11,235.4",164.6,0.6,"7,076.6","1,414.0"
Bihar,1990-91   ,"6,563.5","3,560.4","1,219.2","1,575.3","12,918.4",149.5,0.5,"7,805.3","1,194.2"
Bihar,1989-90   ,"6,348.9","3,270.2","1,379.3","1,439.5","12,437.9",140.1,0.2,"6,694.1","1,092.9"
Bihar,1988-89   ,"6,351.0","3,557.0","1,252.5","1,350.0","12,510.5",119.4,0.4,"5,482.8","1,284.0"
Bihar,1987-88   ,"4,674.5","3,257.0",909.1,"1,339.0","10,179.6",118.5,1.5,"4,545.7","1,047.8"
Bihar,1986-87   ,"6,044.5","2,861.3","1,128.6","1,487.3","11,521.7",124.3,0.5,"3,729.0","1,260.7"
Bihar,1985-86   ,"6,015.7","2,935.6","1,116.8",887.4,"10,955.5",127.1,0.5,"4,001.0","1,918.4"
Bihar,1984-85   ,"5,376.5","3,032.3","1,121.4",798.3,"10,328.5",140.8,0.6,"3,736.9","1,039.0"
Bihar,1983-84   ,"4,966.5","2,935.2","1,139.1",834.0,"9,874.8",143.0,0.6,"3,884.6","1,131.6"
Bihar,1982-83   ,"3,065.0","2,426.1","1,122.9",702.2,"7,316.2",113.7,0.7,"4,463.7",872.7
Bihar,1981-82   ,"4,256.9","2,201.8","1,009.6",770.7,"8,239.0",112.1,0.6,"4,180.4",979.1
Bihar,1980-81   ,"5,635.1","2,305.7","1,137.4",833.0,"9,911.2",109.7,0.6,"3,480.4",883.3
Chhattisgarh,2022-23   ,"8,238.3",191.2,398.6,422.4,"9,250.5",91.6,8.3,"2,398.3",0.6
Chhattisgarh,2021-22   ,"8,021.7",191.9,423.1,386.9,"9,023.6",104.3,7.5,"1,958.0",0.9
Chhattisgarh,2020-21   ,"7,161.2",248.4,368.4,447.5,"8,225.5",121.5,8.4,"1,756.4",1.3
Chhattisgarh,2019-20   ,"6,774.8",115.3,370.5,241.3,"7,501.8",159.0,-,"1,759.0",1.9
Chhattisgarh,2018-19   ,"6,526.9",162.7,331.5,537.5,"7,558.6",145.9,-,"1,452.1",2.1
Chhattisgarh,2017-18   ,"4,930.8",130.7,347.2,550.0,"5,958.7",122.9,-,"1,158.5",2.1
Chhattisgarh,2016-17   ,"8,048.4",159.5,357.5,758.7,"9,324.1",169.9,-,848.0,1.9
Chhattisgarh,2015-16   ,"5,789.4",137.4,215.5,511.9,"6,654.2",149.6,-,67.8,2.3
Chhattisgarh,2014-15   ,"6,322.1",135.3,267.2,738.5,"7,463.1",174.2,-,49.3,2.1
Chhattisgarh,2013-14   ,"6,716.4",134.0,263.1,484.5,"7,598.0",185.4,-,22.1,2.2
Chhattisgarh,2012-13   ,"6,608.8",141.3,244.7,648.7,"7,643.6",215.0,-,37.3,2.6
Chhattisgarh,2011-12   ,"6,028.4",133.1,209.9,499.1,"6,870.5",169.5,-,24.4,3.0
Chhattisgarh,2010-11   ,"6,159.0",126.8,231.9,537.5,"7,055.2",217.2,-,21.8,3.2
Chhattisgarh,2009-10   ,"4,110.4",121.9,181.8,488.7,"4,902.8",200.4,0.3,29.2,2.5
Chhattisgarh,2008-09   ,"4,391.8",92.5,184.4,498.6,"5,167.3",193.5,0.1,25.4,2.8
Chhattisgarh,2007-08   ,"5,426.6",98.8,229.7,536.8,"6,291.9",192.6,0.1,27.5,2.7
Chhattisgarh,2006-07   ,"5,041.4",91.7,178.3,493.6,"5,805.0",161.4,0.2,18.7,2.9
Chhattisgarh,2005-06   ,"5,011.6",90.7,159.3,453.2,"5,714.8",126.5,0.4,16.4,3.0
Chhattisgarh,2004-05   ,"4,383.3",82.4,189.5,367.8,"5,023.0",123.7,0.8,15.6,2.0
Chhattisgarh,2003-04   ,"5,567.6",108.6,212.9,580.7,"6,469.8",127.0,0.2,13.3,2.5
Chhattisgarh,2002-03   ,"2,634.9",98.6,175.5,365.7,"3,274.7",100.7,0.1,10.0,2.0
Chhattisgarh,2001-02   ,"5,073.7",103.5,153.8,448.4,"5,779.4",112.6,0.4,9.0,2.8
Chhattisgarh,2000-01   ,"2,369.3",79.5,185.0,267.5,"2,901.3",88.5,-,8.6,2.8
Goa,2022-23   ,-,-,-,-,-,-,-,-,-
Goa,2021-22   ,90.4,-,-,3.0,93.5,0.2,-,35.3,-
Goa,2020-21   ,87.3,-,-,3.7,91.1,0.2,-,35.6,-
Goa,2019-20   ,90.4,-,-,3.9,94.2,0.4,-,53.7,-
Goa,2018-19   ,98.8,-,-,6.3,105.2,1.0,-,35.3,-
Goa,2017-18   ,103.0,-,-,4.8,107.8,3.5,-,-,-
Goa,2016-17   ,113.2,-,-,5.9,119.1,-,-,-,-
Goa,2015-16   ,115.1,-,-,0.3,115.3,-,-,-,-
Goa,2014-15   ,120.5,-,0.0,8.1,128.6,-,-,-,-
Goa,2013-14   ,126.5,-,0.0,8.9,135.5,6.6,-,47.7,-
Goa,2012-13   ,122.8,-,0.1,9.0,131.8,7.5,-,46.0,-
Goa,2011-12   ,121.8,-,0.1,8.3,130.2,8.0,-,46.6,-
Goa,2010-11   ,115.0,-,0.1,8.0,123.1,8.3,-,49.1,-
Goa,2009-10   ,100.6,-,0.8,8.5,109.9,8.1,-,52.3,-
Goa,2008-09   ,123.3,-,0.8,10.2,134.3,8.2,-,49.3,-
Goa,2007-08   ,121.6,-,0.7,11.3,133.6,7.0,-,56.0,-
Goa,2006-07   ,130.3,-,0.8,16.3,147.4,4.6,-,58.0,-
Goa,2005-06   ,147.3,-,1.0,11.5,159.8,7.9,-,55.9,-
Goa,2004-05   ,145.2,-,1.1,9.4,155.7,5.4,-,60.6,-
Goa,2003-04   ,170.7,-,1.2,9.2,181.1,5.7,-,57.6,-
Goa,2002-03   ,134.8,-,1.1,7.5,143.4,4.3,-,65.5,-
Goa,2001-02   ,126.5,-,1.1,8.4,136.0,2.5,-,70.6,-
Goa,2000-01   ,142.1,-,1.3,9.6,153.0,3.2,-,72.8,-
Goa,1999-00   ,208.9,-,1.9,9.0,219.8,2.3,-,68.4,-
Goa,1998-99   ,151.2,-,3.7,9.5,164.4,2.5,-,64.0,-
Goa,1997-98   ,147.5,-,3.1,7.8,158.4,2.5,-,62.4,-
Goa,1996-97   ,148.0,-,3.9,7.9,159.8,2.7,-,58.0,-
Goa,1995-96   ,128.1,-,3.0,5.4,136.5,1.9,-,55.0,-
Goa,1994-95   ,133.0,-,2.9,4.8,140.7,2.1,-,53.7,-
Goa,1993-94   ,137.8,-,3.6,5.1,146.5,2.0,-,71.4,-
Goa,1992-93   ,140.4,-,4.3,4.6,149.3,1.7,-,80.4,-
Goa,1991-92   ,137.2,-,4.8,5.1,147.1,1.5,-,88.0,-
Goa,1990-91   ,134.2,-,3.8,0.0,138.0,1.0,-,84.0,-
Goa,1989-90   ,138.0,-,3.8,0.0,141.8,1.5,-,81.7,-
Goa,1988-89   ,129.2,-,3.3,0.0,132.5,1.4,-,60.0,-
Goa,1987-88   ,111.1,-,0.9,0.0,112.0,1.4,-,86.0,-
Goa,1986-87   ,72.7,-,0.9,0.0,73.6,0.0,-,80.0,-
Goa,1985-86   ,125.2,-,10.4,0.0,135.6,0.0,-,67.2,-
Goa,1984-85   ,0.0,-,12.4,0.0,12.4,0.0,-,79.8,-
Goa,1983-84   ,0.0,-,7.8,0.0,7.8,0.0,-,66.8,-
Goa,1982-83   ,0.0,-,8.2,0.0,8.2,0.0,-,64.1,-
Goa,1981-82   ,0.0,-,9.3,0.0,9.3,0.0,-,59.8,-
Goa,1980-81   ,0.0,-,8.2,0.0,8.2,0.0,-,58.1,-
Gujarat,2022-23   ,"2,395.2","3,645.8","2,045.6","1,890.8","9,977.4","7,132.1","9,496.5","14,686.5",-
Gujarat,2021-22   ,"2,101.1","3,333.2","1,995.3","2,701.1","10,130.7","6,892.9","7,509.3","17,459.1",-
Gujarat,2020-21   ,"2,145.7","3,259.5","1,759.6","1,809.2","8,973.9","6,188.9","7,212.2","16,954.7",-
Gujarat,2019-20   ,"1,983.1","3,326.8","1,786.3","1,057.3","8,153.4","6,653.3","8,617.0","11,570.0",-
Gujarat,2018-19   ,"1,912.1","2,407.4","1,802.8",681.3,"6,803.6","3,733.6","6,279.0","11,326.4",-
Gujarat,2017-18   ,"1,890.9","3,069.0","1,782.2",922.6,"7,664.7","5,860.2","10,187.0","12,072.1",-
Gujarat,2016-17   ,"1,930.0","2,737.0","1,937.0",818.0,"7,422.0","4,789.3","8,575.0","11,950.0",-
Gujarat,2015-16   ,"1,702.0","2,484.0","1,549.7",543.6,"6,279.3","4,179.1","9,400.0","11,120.0",-
Gujarat,2014-15   ,"1,830.9","3,059.0","1,644.9",574.5,"7,109.3","4,886.9","10,500.0","14,330.0",-
Gujarat,2013-14   ,"1,636.0","4,694.0","2,120.6",729.0,"9,179.6","6,870.4","10,150.0","12,550.0",-
Gujarat,2012-13   ,"1,541.0","2,944.0","1,999.0",572.2,"7,056.2","2,705.0","8,850.0","12,690.0",-
Gujarat,2011-12   ,"1,790.0","4,072.0","2,232.3",780.0,"8,874.3","5,035.0","12,000.0","12,750.0",-
Gujarat,2010-11   ,"1,496.6","4,019.5","2,102.6",723.0,"8,341.6","4,896.1","10,400.0","13,760.0",-
Gujarat,2009-10   ,"1,292.0","2,352.0","1,600.0",517.0,"5,761.0","3,097.0","7,986.3","12,400.0",-
Gujarat,2008-09   ,"1,303.0","2,593.0","1,976.0",609.0,"6,481.0","4,015.9","7,013.8","15,510.0",-
Gujarat,2007-08   ,"1,474.0","3,838.0","2,151.0",743.0,"8,206.0","4,725.0","8,276.0","15,190.0",-
Gujarat,2006-07   ,"1,390.0","3,000.0","1,516.0",593.0,"6,499.0","2,569.0","8,787.0","15,630.0",-
Gujarat,2005-06   ,"1,298.0","2,473.0","1,836.0",547.0,"6,154.0","4,682.0","6,772.0","14,580.0",-
Gujarat,2004-05   ,"1,238.2","1,805.5","1,734.5",479.3,"5,257.5","2,986.9","4,724.8","14,570.0",-
Gujarat,2003-04   ,"1,277.0","2,036.5","2,635.4",622.4,"6,571.3","5,665.0","4,026.9","12,669.1",-
Gujarat,2002-03   ,541.7,856.6,"1,840.8",327.2,"3,566.3","1,683.1","1,684.6","14,071.3",-
Gujarat,2001-02   ,"1,040.1","1,144.7","2,341.0",379.8,"4,905.6","3,635.5","1,702.7","12,464.6",-
Gujarat,2000-01   ,472.7,649.0,"1,226.6",190.7,"2,539.0","1,661.6","1,161.4","12,694.7",-
Gujarat,1999-00   ,984.9,"1,020.0","1,641.3",405.6,"4,051.8","1,726.2","2,085.6","14,066.2",-
Gujarat,1998-99   ,"1,015.8","1,702.6","2,214.8",633.5,"5,566.7","3,886.3","3,903.0","13,566.3",-
Gujarat,1997-98   ,"1,042.3","1,647.0","2,407.2",613.3,"5,709.8","3,837.6","3,180.0","11,836.2",-
Gujarat,1996-97   ,946.0,"1,336.0","2,262.8",663.8,"5,208.6","3,807.1","2,657.7","11,404.3",-
Gujarat,1995-96   ,826.6,"1,123.5","1,696.4",581.2,"4,227.7","2,164.4","2,202.0","10,511.2",-
Gujarat,1994-95   ,942.1,"1,962.4","1,823.9",664.9,"5,393.3","3,706.9","2,269.3","10,785.0",-
Gujarat,1993-94   ,838.6,928.2,"1,473.1",626.2,"3,866.1","1,572.4","1,622.8","10,232.0",-
Gujarat,1992-93   ,829.6,"1,360.2","2,571.8",859.6,"5,621.2","3,185.6","1,988.5","10,872.1",-
Gujarat,1991-92   ,690.6,905.7,"1,403.5",485.2,"3,485.0","1,643.7","1,180.7","10,239.4",-
Gujarat,1990-91   ,791.1,"1,443.7","1,982.1",761.9,"4,978.8","2,106.2","1,322.9","10,599.7",-
Gujarat,1989-90   ,817.3,"1,101.7","2,301.4",729.1,"4,949.5","2,486.9","1,755.5","9,159.8",-
Gujarat,1988-89   ,866.0,"1,512.5","2,455.8",644.6,"5,478.9","3,594.2","1,469.9","7,907.1",-
Gujarat,1987-88   ,279.4,351.2,595.0,159.7,"1,385.3",398.2,295.3,"6,077.8",-
Gujarat,1986-87   ,446.0,661.7,"1,752.6",287.6,"3,147.9","1,674.1","1,093.4","5,565.9",-
Gujarat,1985-86   ,454.2,782.8,"1,160.7",338.3,"8,751.7",880.0,"1,986.7","6,489.6",-
Gujarat,1984-85   ,838.1,"1,329.3","2,533.7",555.9,"10,633.5","2,214.6","2,068.8","7,582.3",-
Gujarat,1983-84   ,754.3,"1,627.0","2,803.6",558.7,"10,710.1","2,377.7","1,444.5","7,746.3",-
Gujarat,1982-83   ,488.9,"1,352.3","2,082.3",472.7,"7,461.2","1,785.3","1,547.5","6,695.4",-
Gujarat,1981-82   ,736.7,"1,407.3","2,595.1",349.5,"9,345.5","2,518.1","2,095.3","5,022.8",-
Gujarat,1980-81   ,556.6,"1,298.3","2,353.7",266.5,"10,110.2","1,861.8","1,713.7","4,435.2",-
Haryana,2022-23   ,"5,406.9","11,128.3","1,283.3",60.3,"17,878.8","1,431.0","1,000.5","8,860.5",-
Haryana,2021-22   ,"4,618.0","10,447.2","1,158.4",106.1,"16,329.7","1,400.7","1,316.1","8,822.6",-
Haryana,2020-21   ,"4,424.9","12,394.4","1,417.6",72.7,"18,309.5","1,348.6","1,822.9","8,531.7",-
Haryana,2019-20   ,"4,824.3","11,876.4","1,098.4",64.4,"17,863.5","1,175.2","2,484.0","7,730.4",-
Haryana,2018-19   ,"4,516.1","12,574.0",972.8,82.1,"18,145.0","1,277.3","2,013.0","8,505.0",-
Haryana,2017-18   ,"4,523.4","10,765.3",833.8,69.4,"16,191.8","1,122.6","1,627.0","9,632.9",-
Haryana,2016-17   ,"4,453.0","11,546.8","1,087.0",75.9,"17,162.7",964.5,"2,041.0","8,223.0",-
Haryana,2015-16   ,"4,145.0","11,352.0",796.0,65.6,"16,358.6",829.7,993.0,"6,692.0",-
Haryana,2014-15   ,"4,006.0","10,354.0",819.0,56.1,"15,235.1",743.4,"2,300.0","7,650.0",-
Haryana,2013-14   ,"3,998.0","11,800.0","1,051.0",125.1,"16,974.1",899.0,"2,302.0","7,499.0",-
Haryana,2012-13   ,"3,976.0","11,117.0","1,003.0",130.4,"16,226.4",993.1,"2,500.0","7,437.0",-
Haryana,2011-12   ,"3,759.0","12,685.7","1,387.0",127.0,"17,958.7",771.0,"2,650.0","6,959.0",-
Haryana,2010-11   ,"3,472.0","11,630.0","1,369.0",158.5,"16,629.5",963.8,"1,750.0","6,042.0",-
Haryana,2009-10   ,"3,625.0","10,500.0","1,132.0",100.0,"15,357.0",877.5,"1,926.0","5,335.0",-
Haryana,2008-09   ,"3,298.0","10,808.2","1,329.4",177.8,"15,613.4",932.8,"1,858.0","5,130.0",-
Haryana,2007-08   ,"3,613.0","10,236.0","1,357.0",101.8,"15,307.8",642.8,"1,885.0","8,860.0",-
Haryana,2006-07   ,"3,371.0","10,055.0","1,197.0",140.0,"14,763.0",834.6,"1,814.0","9,580.0",-
Haryana,2005-06   ,"3,210.0","8,857.0",813.0,118.1,"12,998.1",825.2,"1,499.0","8,180.0",-
Haryana,2004-05   ,"3,023.0","9,058.0",882.0,146.0,"13,109.0",840.5,"2,075.0","8,060.0",-
Haryana,2003-04   ,"2,790.0","9,114.0","1,146.0",143.1,"13,193.1",997.8,"1,405.0","9,280.0",-
Haryana,2002-03   ,"2,468.0","9,188.0",590.0,82.9,"12,328.9",711.7,"1,038.0","10,650.0",-
Haryana,2001-02   ,"2,726.0","9,437.0",987.0,148.1,"13,298.1",806.9,722.0,"9,270.0",-
Haryana,2000-01   ,"2,695.0","9,669.0",831.0,99.4,"13,294.4",570.7,"1,383.0","8,170.0",-
Haryana,1999-00   ,"2,583.0","9,650.0",754.0,76.2,"13,063.2",607.0,"1,304.0","7,640.0",-
Haryana,1998-99   ,"2,425.0","8,568.0",777.0,353.2,"12,123.2",714.3,873.0,"6,880.0",-
Haryana,1997-98   ,"2,556.0","7,554.0","1,063.0",374.7,"11,547.7",423.2,"1,129.0","7,550.0",-
Haryana,1996-97   ,"2,463.0","7,826.0",814.0,345.0,"11,448.0","1,004.8","1,507.0","9,020.0",-
Haryana,1995-96   ,"1,847.0","7,291.0",587.0,427.7,"10,152.7",782.9,"1,283.0","8,090.0",-
Haryana,1994-95   ,"2,227.0","7,303.0",970.0,509.0,"11,009.0",863.2,"1,373.0","7,010.0",-
Haryana,1993-94   ,"2,057.0","7,231.0",497.0,483.0,"10,268.0",869.7,"1,124.0","6,420.0",-
Haryana,1992-93   ,"1,869.0","7,083.0",969.0,346.2,"10,267.2",588.4,"1,406.0","6,550.0",-
Haryana,1991-92   ,"1,812.0","6,502.0",509.0,286.4,"9,109.4",827.0,"1,350.0","9,000.0",-
Haryana,1990-91   ,"1,834.0","6,440.0",747.0,561.7,"9,582.7",646.0,"1,155.0","7,800.0",-
Haryana,1989-90   ,"1,698.0","5,913.0",612.0,444.8,"8,667.8",435.8,"1,183.0","6,750.0",-
Haryana,1988-89   ,"1,437.0","6,225.0","1,168.0",691.5,"9,521.5",483.9,845.0,"6,580.0",-
Haryana,1987-88   ,"1,073.0","4,861.0",256.0,125.6,"6,315.6",333.4,690.0,"4,240.0",-
Haryana,1986-87   ,"1,543.0","5,055.0",558.0,505.1,"7,661.1",226.3,901.0,"6,740.0",-
Haryana,1985-86   ,"1,636.0","5,257.0",570.0,677.9,"8,140.9",282.3,745.0,"5,150.0",-
Haryana,1984-85   ,"1,363.0","4,421.0",697.0,356.7,"6,837.7",305.7,610.0,"5,190.0",-
Haryana,1983-84   ,"1,325.0","4,458.0",743.0,359.5,"6,885.5",164.7,575.0,"5,930.0",-
Haryana,1982-83   ,"1,275.0","4,347.0",713.0,314.7,"6,649.7",117.2,840.0,"5,500.0",-
Haryana,1981-82   ,"1,250.0","3,682.0",764.0,344.2,"6,040.2",150.5,680.0,"5,840.0",-
Haryana,1980-81   ,"1,228.0","3,492.0",820.0,504.7,"6,044.7",188.5,650.0,"4,660.0",-
Himachal Pradesh,2022-23   ,119.2,564.7,683.0,75.0,"1,441.9",7.7,-,24.2,-
Himachal Pradesh,2021-22   ,167.5,548.9,815.0,75.2,"1,606.5",7.6,-,22.6,-
Himachal Pradesh,2020-21   ,140.5,570.3,764.5,60.2,"1,535.5",7.8,-,22.7,-
Himachal Pradesh,2019-20   ,143.8,563.4,767.7,55.2,"1,530.1",6.4,-,32.0,-
Himachal Pradesh,2018-19   ,114.9,564.6,767.5,54.0,"1,501.0",6.1,-,33.3,-
Himachal Pradesh,2017-18   ,114.8,565.7,750.3,57.5,"1,488.3",5.8,-,36.7,-
Himachal Pradesh,2016-17   ,146.6,704.2,826.4,63.3,"1,740.6",6.2,-,21.1,-
Himachal Pradesh,2015-16   ,129.9,667.6,777.0,40.6,"1,615.1",6.5,-,38.7,-
Himachal Pradesh,2014-15   ,125.2,646.5,622.1,38.3,"1,432.0",6.6,-,37.6,-
Himachal Pradesh,2013-14   ,120.8,670.7,685.9,51.0,"1,528.4",6.1,-,35.7,-
Himachal Pradesh,2012-13   ,125.3,608.6,700.8,46.1,"1,480.7",6.9,-,42.0,-
Himachal Pradesh,2011-12   ,131.6,595.8,752.1,30.8,"1,510.3",8.6,-,28.3,-
Himachal Pradesh,2010-11   ,128.9,546.5,704.1,41.6,"1,421.1",7.7,-,38.3,-
Himachal Pradesh,2009-10   ,105.9,327.1,563.5,20.7,"1,017.2",3.8,0.0,45.6,-
Himachal Pradesh,2008-09   ,118.3,547.3,712.1,23.5,"1,401.2",5.0,0.1,53.1,-
Himachal Pradesh,2007-08   ,121.5,504.4,896.2,36.0,"1,558.1",6.5,0.2,58.4,-
Himachal Pradesh,2006-07   ,123.5,501.6,728.2,28.9,"1,382.2",7.1,0.1,59.0,-
Himachal Pradesh,2005-06   ,112.1,679.0,570.7,19.6,"1,381.4",5.2,-,25.1,-
Himachal Pradesh,2004-05   ,122.0,684.0,788.2,18.1,"1,612.3",12.0,0.1,61.9,-
Himachal Pradesh,2003-04   ,120.6,498.0,771.8,9.0,"1,399.4",9.2,-,50.0,-
Himachal Pradesh,2002-03   ,85.7,495.6,524.9,16.7,"1,122.9",8.2,0.1,49.1,-
Himachal Pradesh,2001-02   ,137.4,637.1,814.8,11.1,"1,600.4",10.0,0.1,82.7,-
Himachal Pradesh,2000-01   ,124.9,251.3,716.3,19.7,"1,112.2",10.1,0.1,60.5,-
Himachal Pradesh,1999-00   ,120.4,583.3,725.8,14.8,"1,444.3",10.2,0.1,67.4,-
Himachal Pradesh,1998-99   ,117.8,641.4,718.6,12.9,"1,490.7",9.9,0.0,120.2,-
Himachal Pradesh,1997-98   ,120.4,641.3,666.9,12.6,"1,441.2",9.1,0.2,139.1,-
Himachal Pradesh,1996-97   ,108.6,531.0,637.5,11.4,"1,288.5",9.4,0.3,70.3,-
Himachal Pradesh,1995-96   ,111.2,537.1,703.3,14.8,"1,366.4",9.5,0.2,67.0,-
Himachal Pradesh,1994-95   ,112.2,599.3,682.0,17.7,"1,411.2",8.2,0.4,53.5,-
Himachal Pradesh,1993-94   ,101.9,412.6,706.1,12.2,"1,232.8",4.7,0.3,26.1,-
Himachal Pradesh,1992-93   ,110.3,593.5,687.0,17.6,"1,408.4",7.4,0.3,28.7,-
Himachal Pradesh,1991-92   ,103.0,595.8,627.6,18.0,"1,344.4",7.2,0.3,28.1,-
Himachal Pradesh,1990-91   ,106.5,601.7,712.5,19.1,"1,439.8",5.0,0.2,31.7,-
Himachal Pradesh,1989-90   ,94.5,543.7,719.9,15.7,"1,373.8",4.9,0.3,29.5,-
Himachal Pradesh,1988-89   ,87.9,512.5,525.7,9.8,"1,135.9",4.9,0.1,20.1,-
Himachal Pradesh,1987-88   ,76.1,351.2,439.6,6.7,873.6,3.1,0.1,20.1,-
Himachal Pradesh,1986-87   ,105.6,450.7,607.3,13.3,"1,176.9",5.3,0.2,27.2,-
Himachal Pradesh,1985-86   ,125.4,492.0,570.7,12.8,"1,200.9",5.3,0.5,27.1,-
Himachal Pradesh,1984-85   ,117.2,269.5,613.4,7.4,"1,007.5",4.0,1.1,48.3,-
Himachal Pradesh,1983-84   ,111.5,288.1,639.7,11.4,"1,050.7",6.0,0.9,57.8,-
Himachal Pradesh,1982-83   ,73.0,434.9,455.5,9.2,972.6,5.6,0.8,28.8,-
Himachal Pradesh,1981-82   ,96.3,430.0,515.7,12.0,"1,054.0",5.9,0.6,43.1,-
Himachal Pradesh,1980-81   ,124.6,442.6,596.3,20.0,"1,183.5",5.8,0.9,48.5,-
Jammu & Kashmir,2022-23   ,-,-,-,-,-,-,-,-,-
Jammu & Kashmir,2021-22   ,-,-,-,-,-,-,-,-,-
Jammu & Kashmir,2020-21   ,581.5,483.9,519.6,10.1,"1,594.9",33.0,-,0.1,-
Jammu & Kashmir,2019-20   ,587.0,488.3,551.7,44.2,"1,671.2",42.3,-,0.0,-
Jammu & Kashmir,2018-19   ,615.8,671.9,594.2,10.6,"1,892.5",56.3,-,0.0,-
Jammu & Kashmir,2017-18   ,513.1,487.4,559.9,10.7,"1,571.1",39.4,-,-,-
Jammu & Kashmir,2016-17   ,572.2,475.5,561.0,10.2,"1,618.9",28.6,-,-,-
Jammu & Kashmir,2015-16   ,646.4,541.5,535.4,9.4,"1,732.7",32.6,-,0.3,-
Jammu & Kashmir,2014-15   ,517.2,314.3,379.5,9.2,"1,220.3",40.4,-,2.0,-
Jammu & Kashmir,2013-14   ,610.9,601.9,551.3,13.8,"1,777.9",58.8,-,0.0,-
Jammu & Kashmir,2012-13   ,818.1,462.4,537.3,14.2,"1,831.9",51.1,-,-,-
Jammu & Kashmir,2011-12   ,544.7,500.3,528.1,13.2,"1,586.3",53.3,-,0.0,-
Jammu & Kashmir,2010-11   ,507.7,446.3,550.9,16.7,"1,521.6",53.0,-,0.0,-
Jammu & Kashmir,2009-10   ,497.4,289.9,513.3,13.6,"1,314.2",49.7,-,0.0,-
Jammu & Kashmir,2008-09   ,563.1,483.6,660.4,14.2,"1,721.3",49.6,-,-,-
Jammu & Kashmir,2007-08   ,561.3,495.9,499.5,15.4,"1,572.1",53.3,-,0.2,-
Jammu & Kashmir,2006-07   ,554.0,492.2,512.3,14.2,"1,572.7",42.3,-,0.8,-
Jammu & Kashmir,2005-06   ,556.8,444.0,467.7,13.5,"1,482.0",2.7,-,0.8,-
Jammu & Kashmir,2004-05   ,492.2,474.4,517.3,15.1,"1,499.0",124.2,-,0.5,-
Jammu & Kashmir,2003-04   ,504.2,459.4,552.7,13.3,"1,529.6",42.1,-,0.6,-
Jammu & Kashmir,2002-03   ,421.0,401.9,485.5,14.0,"1,322.4",26.6,-,0.6,-
Jammu & Kashmir,2001-02   ,421.8,343.1,548.2,12.7,"1,325.8",41.8,-,-,-
Jammu & Kashmir,2000-01   ,414.9,148.7,538.0,12.9,"1,114.5",28.1,-,0.0,-
Jammu & Kashmir,1999-00   ,391.1,434.3,489.0,14.1,"1,328.5",53.4,-,0.4,-
Jammu & Kashmir,1998-99   ,589.1,368.4,543.9,18.2,"1,519.6",51.0,-,6.0,-
Jammu & Kashmir,1997-98   ,549.3,396.5,455.8,18.4,"1,420.0",46.9,-,6.5,-
Jammu & Kashmir,1996-97   ,431.4,412.6,470.3,17.0,"1,331.3",47.8,-,6.5,-
Jammu & Kashmir,1995-96   ,508.5,399.2,549.8,28.5,"1,486.0",43.6,-,7.7,-
Jammu & Kashmir,1994-95   ,584.7,349.1,486.3,37.7,"1,457.8",26.5,0.2,7.4,-
Jammu & Kashmir,1993-94   ,507.0,352.1,576.7,34.6,"1,470.4",44.2,0.2,11.2,-
Jammu & Kashmir,1992-93   ,508.8,347.3,509.6,33.6,"1,399.3",47.7,0.2,11.2,-
Jammu & Kashmir,1991-92   ,550.1,308.0,526.5,37.5,"1,422.1",45.9,0.1,11.9,-
Jammu & Kashmir,1990-91   ,555.1,297.4,466.6,45.3,"1,364.4",36.4,0.5,18.2,-
Jammu & Kashmir,1989-90   ,549.2,262.2,470.0,44.9,"1,326.3",43.4,0.5,18.2,-
Jammu & Kashmir,1988-89   ,579.6,245.6,460.2,28.5,"1,313.9",28.5,0.1,21.6,-
Jammu & Kashmir,1987-88   ,420.8,245.6,314.8,34.7,"1,015.9",31.1,0.4,11.5,-
Jammu & Kashmir,1986-87   ,590.5,212.0,539.8,56.3,"1,398.6",62.6,0.6,17.0,-
Jammu & Kashmir,1985-86   ,587.1,272.1,515.9,28.5,"1,403.6",69.9,0.7,18.0,-
Jammu & Kashmir,1984-85   ,569.0,168.4,476.4,30.8,"1,244.6",62.0,0.6,24.1,-
Jammu & Kashmir,1983-84   ,593.0,178.6,310.5,31.2,"1,113.3",57.4,1.2,22.8,-
Jammu & Kashmir,1982-83   ,574.5,226.1,429.7,30.4,"1,260.7",50.9,1.3,22.1,-
Jammu & Kashmir,1981-82   ,550.7,203.7,486.5,31.7,"1,272.6",69.1,1.3,22.8,-
Jammu & Kashmir,1980-81   ,546.4,204.3,521.6,35.0,"1,307.3",64.3,1.3,29.7,-
Jharkhand,2022-23   ,"1,399.8",379.8,513.2,761.1,"3,053.8",395.3,-,-,-
Jharkhand,2021-22   ,"2,930.5",519.3,653.4,898.3,"5,001.5",398.2,-,0.0,0.0
Jharkhand,2020-21   ,"2,752.9",544.0,669.5,905.4,"4,871.7",404.9,-,0.0,0.0
Jharkhand,2019-20   ,"3,012.8",439.4,525.1,814.9,"4,792.3",288.5,-,0.0,0.0
Jharkhand,2018-19   ,"2,893.9",302.6,468.0,735.2,"4,399.7",228.4,-,0.0,0.0
Jharkhand,2017-18   ,"4,078.0",468.7,617.9,836.7,"6,001.3",297.0,-,574.8,-
Jharkhand,2016-17   ,"3,841.8",425.2,590.8,806.5,"5,664.4",264.0,-,512.9,-
Jharkhand,2015-16   ,"2,882.2",287.3,395.5,527.0,"4,092.1",176.5,-,708.9,-
Jharkhand,2014-15   ,"3,361.9",330.4,487.7,597.1,"4,777.0",177.6,-,469.8,-
Jharkhand,2013-14   ,"2,810.6",370.4,526.1,578.6,"4,285.7",182.9,-,462.8,-
Jharkhand,2012-13   ,"3,164.9",319.5,463.8,609.3,"4,557.5",197.2,-,461.9,-
Jharkhand,2011-12   ,"3,130.6",302.6,330.1,412.0,"4,175.3",155.5,-,457.3,-
Jharkhand,2010-11   ,"1,110.0",158.4,278.5,329.6,"1,876.6",113.7,-,457.3,-
Jharkhand,2009-10   ,"1,538.4",173.2,216.9,223.7,"2,152.2",79.5,-,447.0,4.8
Jharkhand,2008-09   ,"3,420.2",153.9,333.9,280.7,"4,188.7",73.2,-,348.8,0.0
Jharkhand,2007-08   ,"3,336.4",139.9,386.4,301.8,"4,164.5",68.8,-,150.0,6.0
Jharkhand,2006-07   ,"2,967.8",128.9,332.0,258.1,"3,686.8",50.0,-,142.0,6.0
Jharkhand,2005-06   ,"1,558.0",77.7,259.6,172.3,"2,067.6",8.5,-,142.0,6.0
Jharkhand,2004-05   ,"1,677.0",150.0,324.1,160.0,"2,311.1",7.0,-,141.6,6.3
Jharkhand,2003-04   ,"2,310.0",118.0,342.0,135.0,"2,905.0",8.0,-,136.0,6.5
Jharkhand,2002-03   ,"1,381.0",104.0,274.7,133.5,"1,893.2",8.1,-,140.6,-
Jharkhand,2001-02   ,"1,821.7",115.4,261.8,43.3,"2,242.2",28.0,-,144.9,9.4
Jharkhand,2000-01   ,"1,644.7",103.6,166.7,96.0,"2,011.0",28.0,-,144.9,9.4
Karnataka,2022-23   ,"4,001.3",230.5,"7,299.6","2,161.9","13,693.3","1,527.2","2,541.0","62,460.0",0.0
Karnataka,2021-22   ,"4,318.4",212.4,"7,274.3","1,971.5","13,776.5","1,120.6","1,954.6","61,152.0",0.0
Karnataka,2020-21   ,"4,291.7",262.1,"7,931.2","2,065.0","14,550.1","1,249.1","2,320.1","42,528.0",0.0
Karnataka,2019-20   ,"3,634.5",179.7,"6,813.6","2,155.9","12,783.7","1,039.7","2,330.0","38,181.0",0.0
Karnataka,2018-19   ,"3,431.0",163.6,"5,519.9","1,773.9","10,888.4",782.6,"1,400.0","42,408.0",0.0
Karnataka,2017-18   ,"3,017.1",230.2,"6,592.6","1,951.2","11,791.2",970.7,"1,844.0","31,135.2",-
Karnataka,2016-17   ,"2,604.8",171.0,"5,281.0","1,737.9","9,794.7",805.8,"1,010.0","27,378.0",0.1
Karnataka,2015-16   ,"3,021.0",156.0,"5,608.2","1,138.8","9,924.0",749.7,"2,000.0","37,833.8",-
Karnataka,2014-15   ,"3,541.0",261.0,"6,946.0","1,390.0","12,138.0",959.0,"2,311.0","43,776.0",1.0
Karnataka,2013-14   ,"3,572.6",210.0,"6,825.8","1,600.5","12,208.9","1,162.0","1,875.0","37,905.0",-
Karnataka,2012-13   ,"3,364.0",179.0,"6,061.0","1,259.3","10,863.3",919.6,"1,255.0","35,732.0",-
Karnataka,2011-12   ,"3,955.0",193.0,"6,813.0","1,134.1","12,095.1",942.0,"1,200.0","38,808.0",1.0
Karnataka,2010-11   ,"4,188.0",279.0,"7,845.3","1,565.0","13,877.3","1,270.0","1,200.0","39,657.0",1.0
Karnataka,2009-10   ,"3,691.0",251.0,"5,895.0","1,118.0","10,955.0","1,005.0",868.2,"30,443.0",1.0
Karnataka,2008-09   ,"3,802.0",247.0,"6,254.0",972.0,"11,275.0","1,212.0",866.0,"23,328.0",1.0
Karnataka,2007-08   ,"3,717.0",261.0,"6,943.0","1,265.0","12,186.0","1,549.0",778.0,"26,240.0",1.0
Karnataka,2006-07   ,"3,446.0",205.0,"5,055.0",893.0,"9,599.0","1,125.0",610.0,"28,669.7",1.0
Karnataka,2005-06   ,"5,744.0",217.0,"6,564.0",964.0,"13,489.0","1,715.0",554.0,"18,267.0",2.7
Karnataka,2004-05   ,"3,547.0",179.0,"5,977.0",792.0,"10,495.0","1,570.0",688.0,"14,276.0",2.9
Karnataka,2003-04   ,"2,550.3",96.2,"3,346.4",569.2,"6,562.1",934.1,264.6,"16,015.4",6.1
Karnataka,2002-03   ,"2,390.1",147.7,"3,433.2",693.6,"6,664.6","1,073.8",330.9,"32,485.3",4.2
Karnataka,2001-02   ,"3,234.0",198.8,"4,512.4",751.5,"8,696.7","1,019.9",612.4,"33,016.6",5.2
Karnataka,2000-01   ,"3,846.7",244.0,"5,939.1",956.2,"10,986.0","1,541.7",855.2,"42,923.5",6.7
Karnataka,1999-00   ,"3,716.7",217.6,"5,076.3",848.7,"9,859.3","1,192.8",664.5,"37,566.9",4.4
Karnataka,1998-99   ,"3,656.9",219.4,"5,373.4",746.9,"9,996.6","1,677.6",976.9,"34,770.9",7.2
Karnataka,1997-98   ,"3,212.7",118.5,"4,219.1",456.5,"8,006.8","1,203.4",721.0,"28,332.7",8.7
Karnataka,1996-97   ,"3,211.6",190.3,"5,081.7",722.2,"9,205.8","1,756.5",932.0,"23,374.4",8.7
Karnataka,1995-96   ,"3,023.9",145.6,"4,788.0",983.9,"8,941.4","1,742.2",849.1,"24,917.9",10.1
Karnataka,1994-95   ,"3,167.5",171.8,"4,146.6",850.6,"8,336.5","1,542.4",822.0,"33,092.7",11.1
Karnataka,1993-94   ,"3,182.8",192.0,"4,654.2",921.3,"8,950.3","1,888.7",773.3,"26,602.9",16.0
Karnataka,1992-93   ,"3,068.7",158.1,"4,709.2",904.6,"8,840.6","1,761.2",865.4,"22,479.6",22.7
Karnataka,1991-92   ,"2,826.1",142.1,"4,292.9","1,085.6","8,346.7","1,817.3",795.2,"24,117.0",22.8
Karnataka,1990-91   ,"2,415.3",124.8,"3,307.4",819.3,"6,666.8","1,337.9",689.8,"20,964.0",25.4
Karnataka,1989-90   ,"2,376.9",89.3,"4,095.9",776.6,"7,338.7","1,404.8",923.1,"21,210.0",34.1
Karnataka,1988-89   ,"2,509.6",166.3,"3,688.8",670.2,"7,034.9","1,391.4",895.8,"18,733.0",44.1
Karnataka,1987-88   ,"1,894.7",140.8,"3,641.4",995.4,"6,672.3","1,508.8",543.3,"17,580.0",42.3
Karnataka,1986-87   ,"2,313.2",142.2,"4,579.7",851.5,"7,886.6","1,256.4",448.0,"14,854.0",40.1
Karnataka,1985-86   ,"1,942.6",101.9,"3,328.4",488.9,"4,193.9",986.4,549.3,"13,815.0",42.0
Karnataka,1984-85   ,"2,374.9",194.1,"3,724.0",580.4,"4,933.1","1,347.8",787.0,"13,392.0",46.2
Karnataka,1983-84   ,"2,292.4",199.4,"4,141.0",619.0,"5,318.5","1,092.5",725.3,"12,820.0",42.7
Karnataka,1982-83   ,"2,101.2",183.4,"3,218.1",518.7,"4,147.7",784.3,520.4,"14,916.0",43.9
Karnataka,1981-82   ,"2,364.0",211.8,"4,109.6",622.9,"7,224.7",863.4,620.6,"14,286.0",47.7
Karnataka,1980-81   ,"2,208.3",180.2,"3,028.6",462.5,"5,799.9",619.9,469.3,"12,421.0",46.0
Kerala,2022-23   ,581.4,-,0.5,1.7,583.6,0.3,0.0,120.3,-
Kerala,2021-22   ,487.0,-,0.8,1.5,489.3,0.3,0.0,10.4,-
Kerala,2020-21   ,633.8,-,0.7,1.9,636.4,0.3,0.0,106.7,-
Kerala,2019-20   ,605.6,-,0.7,2.2,608.4,0.2,-,120.8,-
Kerala,2018-19   ,578.3,-,0.6,2.3,581.2,0.4,-,106.3,-
Kerala,2017-18   ,521.3,-,0.4,2.0,523.8,0.5,-,115.1,-
Kerala,2016-17   ,437.1,-,0.2,1.7,439.0,0.6,-,113.1,-
Kerala,2015-16   ,549.3,-,0.3,4.3,553.8,0.7,-,138.1,-
Kerala,2014-15   ,562.1,-,0.3,1.4,563.8,0.8,-,148.5,-
Kerala,2013-14   ,509.2,-,0.3,2.8,512.4,1.0,-,221.5,-
Kerala,2012-13   ,508.3,-,0.3,3.2,511.8,1.1,-,165.7,-
Kerala,2011-12   ,569.0,-,0.6,2.5,572.1,2.3,-,263.0,-
Kerala,2010-11   ,522.7,-,1.4,3.0,527.1,2.1,-,271.8,-
Kerala,2009-10   ,598.3,-,2.2,10.3,610.8,1.2,1.3,285.0,-
Kerala,2008-09   ,590.3,-,1.7,6.3,598.3,1.6,1.5,275.5,-
Kerala,2007-08   ,528.5,-,2.8,8.4,539.7,2.4,1.7,218.0,-
Kerala,2006-07   ,631.0,-,1.1,8.4,640.5,3.2,2.0,440.0,-
Kerala,2005-06   ,629.9,-,1.5,6.9,638.3,2.6,3.5,916.5,-
Kerala,2004-05   ,667.1,-,0.9,2.9,670.9,1.9,4.4,283.0,-
Kerala,2003-04   ,570.0,-,4.0,5.0,579.0,2.3,4.7,291.0,-
Kerala,2002-03   ,688.9,-,4.0,6.8,699.7,1.4,5.5,312.8,-
Kerala,2001-02   ,703.4,-,5.2,10.3,718.9,2.1,3.9,269.8,-
Kerala,2000-01   ,751.3,-,3.4,10.4,765.1,3.5,6.2,275.6,-
Kerala,1999-00   ,770.8,-,3.4,18.9,793.1,5.8,7.7,578.8,-
Kerala,1998-99   ,726.7,-,4.9,22.7,754.3,8.1,24.2,424.3,-
Kerala,1997-98   ,764.6,-,5.4,27.4,797.4,10.1,20.0,548.1,-
Kerala,1996-97   ,208.2,-,5.8,14.4,228.4,11.8,20.2,548.1,-
Kerala,1995-96   ,953.0,-,6.0,28.8,987.8,11.4,19.4,522.9,-
Kerala,1994-95   ,975.1,-,6.0,37.0,"1,018.1",15.1,21.8,477.8,-
Kerala,1993-94   ,"1,004.0",-,7.1,64.0,"1,075.1",11.1,18.6,447.9,-
Kerala,1992-93   ,"1,084.8",-,5.6,39.4,"1,129.8",12.4,20.0,428.3,-
Kerala,1991-92   ,"1,060.3",-,6.3,32.7,"1,099.3",11.5,13.6,547.1,-
Kerala,1990-91   ,"1,086.6",-,6.3,35.6,"1,128.5",11.0,13.2,542.9,-
Kerala,1989-90   ,"1,073.6",-,6.0,35.8,"1,115.4",11.6,10.4,533.3,-
Kerala,1988-89   ,"1,006.5",-,4.8,36.7,"1,048.0",18.6,8.3,537.7,-
Kerala,1987-88   ,"1,037.1",-,3.9,39.0,"1,080.0",7.7,7.4,562.5,-
Kerala,1986-87   ,"1,133.8",-,3.3,39.2,"1,176.3",9.4,9.0,411.8,-
Kerala,1985-86   ,"1,173.1",-,3.6,25.8,"1,202.5",9.7,9.6,425.6,-
Kerala,1984-85   ,"1,255.9",-,3.7,20.2,"1,279.8",15.4,10.0,427.5,-
Kerala,1983-84   ,"1,207.9",-,3.2,20.7,"1,231.8",12.9,10.0,870.6,-
Kerala,1982-83   ,"1,306.2",-,3.1,20.6,"1,329.9",12.2,9.3,821.4,-
Kerala,1981-82   ,"1,339.7",-,3.6,20.8,"1,364.1",12.1,9.8,479.5,-
Kerala,1980-81   ,"1,272.0",-,3.6,22.3,"1,297.9",15.6,8.3,461.6,-
Madhya Pradesh,2022-23   ,"7,657.2","23,995.4","6,094.6","6,890.6","44,637.7","8,644.0","1,722.0","6,444.6",-
Madhya Pradesh,2021-22   ,"4,814.8","22,977.5","5,821.3","5,694.7","39,308.3","7,921.5","1,419.8","5,379.1",0.0
Madhya Pradesh,2020-21   ,"4,413.8","18,182.1","4,953.7","5,294.7","32,844.2","6,332.4","1,338.6","5,440.7",0.0
Madhya Pradesh,2019-20   ,"4,778.1","19,607.1","5,029.4","4,108.4","33,523.1","6,451.7","1,646.0","7,433.8",2.2
Madhya Pradesh,2018-19   ,"4,494.7","16,521.4","5,147.2","6,045.4","32,208.7","8,294.3","2,329.0","5,281.7",0.0
Madhya Pradesh,2017-18   ,"4,123.9","15,910.8","5,304.1","8,111.6","33,450.4","6,949.0","1,620.0","5,430.0",11.0
Madhya Pradesh,2016-17   ,"4,226.8","17,939.3","4,766.9","6,291.3","33,224.4","8,224.0","2,050.7","4,730.0",7.0
Madhya Pradesh,2015-16   ,"3,546.7","17,688.7","3,848.8","5,302.4","30,386.5","6,171.0","1,800.0","5,281.0",6.0
Madhya Pradesh,2014-15   ,"3,625.3","17,103.9","3,129.5","4,828.3","28,687.0","7,724.2","1,750.0","4,567.0",8.6
Madhya Pradesh,2013-14   ,"2,844.8","12,937.0","2,551.8","4,644.3","22,978.0","6,634.9","1,730.0","3,173.7",2.5
Madhya Pradesh,2012-13   ,"2,775.0","13,133.4","2,616.2","5,165.9","23,690.4","9,276.0","2,200.0","2,641.9",1.8
Madhya Pradesh,2011-12   ,"2,227.3","11,538.5","2,467.1","4,161.9","20,394.8","7,727.8","2,000.0","2,677.0",2.1
Madhya Pradesh,2010-11   ,"1,772.1","7,627.1","2,166.6","3,386.2","14,952.1","8,035.4","2,000.0","2,667.0",3.4
Madhya Pradesh,2009-10   ,"1,260.6","8,410.0","2,041.2","4,304.6","16,016.4","7,636.2",855.3,"2,535.0",1.4
Madhya Pradesh,2008-09   ,"1,559.7","6,521.9","2,149.9","3,683.1","13,914.6","6,976.9",856.1,"2,975.0",1.3
Madhya Pradesh,2007-08   ,"1,461.9","6,032.5","2,122.5","2,453.6","12,070.5","6,352.0",864.8,"3,180.0",1.8
Madhya Pradesh,2006-07   ,"1,368.4","7,325.9","1,849.6","3,203.1","13,747.0","5,814.2",828.6,"2,806.0",1.8
Madhya Pradesh,2005-06   ,"1,656.3","5,957.7","2,348.4","3,232.6","13,195.0","5,721.9",745.1,"2,425.0",1.2
Madhya Pradesh,2004-05   ,"1,169.0","7,176.6","2,330.0","3,429.2","14,104.8","4,797.7",626.1,"2,148.0",1.4
Madhya Pradesh,2003-04   ,"1,750.3","7,364.6","3,353.8","3,488.0","15,956.7","5,623.6",639.0,"1,873.7",1.8
Madhya Pradesh,2002-03   ,"1,031.8","4,923.4","2,418.1","2,375.5","10,748.8","3,143.9",390.1,"1,563.0",1.1
Madhya Pradesh,2001-02   ,"1,692.7","6,001.0","2,688.5","3,224.6","13,606.8","4,567.6",394.3,"1,616.0",1.4
Madhya Pradesh,2000-01   ,982.1,"4,869.4","2,058.5","2,275.4","10,185.4","4,096.9",245.1,"1,660.4",1.9
Madhya Pradesh,1999-00   ,"6,376.5","8,685.2","2,429.9","3,780.5","21,272.1","5,819.6",417.2,"1,991.0",10.5
Madhya Pradesh,1998-99   ,"5,060.6","8,333.4","2,488.4","3,618.8","19,501.2","5,685.9",429.5,"1,621.0",5.8
Madhya Pradesh,1997-98   ,"4,528.2","7,220.2","2,326.3","3,278.9","17,353.6","5,694.6",508.9,"1,631.7",6.3
Madhya Pradesh,1996-97   ,"5,939.1","7,793.2","2,211.5","3,498.0","19,441.8","5,107.7",424.2,"1,761.4",5.7
Madhya Pradesh,1995-96   ,"5,839.1","6,666.6","2,469.4","3,904.4","18,879.5","4,949.6",423.5,"1,914.1",6.1
Madhya Pradesh,1994-95   ,"6,463.0","7,278.6","2,032.9","4,514.1","20,288.6","3,856.5",345.7,"1,377.0",5.9
Madhya Pradesh,1993-94   ,"5,963.1","6,766.6","3,132.9","4,156.5","20,019.1","4,735.1",420.3,"1,084.0",7.8
Madhya Pradesh,1992-93   ,"5,282.9","5,242.6","3,466.4","3,672.3","17,664.2","3,583.4",352.6,"1,324.6",5.1
Madhya Pradesh,1991-92   ,"5,248.5","5,138.0","2,329.2","3,550.5","16,266.2","2,979.8",245.8,"1,646.3",6.6
Madhya Pradesh,1990-91   ,"5,738.1","5,832.6","3,323.1","3,875.1","18,768.9","3,191.4",396.5,"1,391.6",7.3
Madhya Pradesh,1989-90   ,"4,492.5","4,119.7","3,729.0","3,162.5","15,503.7","2,364.4",411.8,"1,371.6",6.7
Madhya Pradesh,1988-89   ,"4,666.8","4,797.4","3,377.0","3,478.1","16,319.3","2,347.7",354.1,"1,644.2",8.2
Madhya Pradesh,1987-88   ,"4,265.7","4,546.2","3,414.5","3,159.3","15,385.7","1,610.0",285.1,"1,603.9",7.4
Madhya Pradesh,1986-87   ,"4,178.4","4,264.3","2,585.5","3,090.1","14,118.3","1,251.6",240.1,"1,645.9",7.9
Madhya Pradesh,1985-86   ,"5,418.0","4,202.3","3,062.5","2,610.4","15,293.2","1,416.0",286.1,"1,217.6",14.2
Madhya Pradesh,1984-85   ,"3,761.2","3,935.3","3,254.9","2,343.6","13,295.0","1,378.3",269.1,"1,390.2",10.6
Madhya Pradesh,1983-84   ,"4,798.7","4,373.8","3,829.6","2,702.3","15,704.4","1,184.1",210.2,"1,476.6",13.2
Madhya Pradesh,1982-83   ,"3,451.0","3,800.9","2,755.6","2,607.7","12,615.2",875.9,316.6,"1,356.4",9.5
Madhya Pradesh,1981-82   ,"3,830.2","3,313.4","3,217.5","2,473.1","12,834.2",833.3,334.2,"1,209.6",14.6
Madhya Pradesh,1980-81   ,"4,053.0","3,143.5","3,204.6","2,010.5","12,411.6",860.9,267.7,"1,071.2",20.5
Maharashtra,2022-23   ,"3,899.1","2,374.2","5,995.1","4,981.0","17,249.5","6,937.8","8,408.6","1,23,968.2",-
Maharashtra,2021-22   ,"3,598.1","2,144.5","5,890.2","5,023.7","16,656.4","5,953.0","8,249.2","1,16,076.4",-
Maharashtra,2020-21   ,"3,291.7","2,071.1","6,082.1","4,321.2","15,766.1","6,718.3","10,105.1","1,05,137.6",-
Maharashtra,2019-20   ,"2,897.6","1,793.7","4,392.6","3,736.0","12,819.9","5,177.0","6,639.0","69,311.9",-
Maharashtra,2018-19   ,"3,275.7","1,249.2","3,096.7","2,682.5","10,304.1","4,885.0","6,593.0","89,768.2",-
Maharashtra,2017-18   ,"2,730.8","1,696.8","5,471.3","3,347.8","13,246.7","4,206.4","6,094.0","82,984.0",-
Maharashtra,2016-17   ,"3,109.5","1,875.1","6,579.0","3,768.1","15,331.6","5,113.5","10,618.8","52,262.5",-
Maharashtra,2015-16   ,"2,593.0",981.0,"3,635.7","1,544.7","8,754.4","2,436.1","7,500.0","73,679.6",-
Maharashtra,2014-15   ,"2,946.0","1,308.0","5,004.9","2,053.0","11,311.9","2,850.2","7,000.0","84,699.0",-
Maharashtra,2013-14   ,"3,120.0","1,602.0","5,955.2","3,169.0","13,846.2","5,293.9","8,834.0","76,901.0",35.0
Maharashtra,2012-13   ,"3,057.0","1,181.0","4,429.3","2,306.0","10,973.3","5,086.8","7,655.0","69,648.1",31.0
Maharashtra,2011-12   ,"2,841.0","1,313.0","6,122.0","2,268.0","12,544.0","4,485.0","7,200.0","86,733.1",19.0
Maharashtra,2010-11   ,"2,696.0","2,301.0","7,323.6","3,099.8","15,420.4","5,040.0","8,500.0","81,895.7",28.0
Maharashtra,2009-10   ,"2,183.0","1,740.0","6,293.3","2,370.0","12,586.3","2,814.0","5,859.3","64,159.0",26.0
Maharashtra,2008-09   ,"2,284.0","1,516.0","5,971.6","1,656.0","11,427.6","3,409.7","4,752.0","60,648.0",26.0
Maharashtra,2007-08   ,"2,996.0","2,078.7","7,093.0","3,024.0","15,191.7","4,874.0","7,015.0","88,437.0",33.0
Maharashtra,2006-07   ,"2,569.0","1,631.1","6,141.0","2,304.0","12,645.1","3,721.0","4,618.0","78,568.0",33.0
Maharashtra,2005-06   ,"2,695.0","1,300.0","6,087.0","2,005.0","12,087.0","3,373.0","3,160.0","38,853.0",36.0
Maharashtra,2004-05   ,"2,164.0","1,016.0","5,696.7","1,664.0","10,540.7","2,744.1","2,939.0","20,475.0",35.5
Maharashtra,2003-04   ,"2,835.0",778.0,"4,750.0","1,960.0","10,323.0","2,921.0","3,080.0","25,668.0",27.0
Maharashtra,2002-03   ,"1,854.0",984.0,"5,938.0","2,058.1","10,834.1","2,356.0","2,596.0","42,617.0",30.0
Maharashtra,2001-02   ,"2,651.4","1,077.0","5,578.5","1,881.0","11,187.9","2,226.4","2,689.6","45,140.0",36.6
Maharashtra,2000-01   ,"1,929.2",948.0,"5,620.3","1,637.4","10,134.9","2,096.8","1,798.8","49,592.8",38.7
Maharashtra,1999-00   ,"2,558.9","1,436.1","6,499.8","2,206.1","12,700.9","2,668.5","3,099.5","53,139.1",45.0
Maharashtra,1998-99   ,"2,467.6","1,308.5","6,721.8","2,254.9","12,752.8","2,570.8","2,621.9","47,148.7",43.2
Maharashtra,1997-98   ,"2,414.6",671.0,"5,410.5","1,187.8","9,683.9","1,678.8","1,752.1","38,172.8",45.8
Maharashtra,1996-97   ,"2,614.4","1,167.0","8,789.2","1,983.8","14,554.4","2,390.5","3,142.1","41,804.8",46.0
Maharashtra,1995-96   ,"2,562.8",897.7,"6,504.6","2,247.4","12,212.5","1,980.5","2,795.8","46,656.1",40.4
Maharashtra,1994-95   ,"2,397.1","1,111.2","6,318.6","2,358.5","12,185.4","1,814.5","2,500.3","44,260.3",46.4
Maharashtra,1993-94   ,"2,484.4","1,055.9","7,836.8","3,125.7","14,502.8","2,346.2","2,625.4","27,891.5",48.2
Maharashtra,1992-93   ,"2,363.8",797.6,"9,056.3","2,714.2","14,931.9","1,771.5","1,807.7","30,853.5",61.2
Maharashtra,1991-92   ,"2,100.2",625.7,"4,707.3","1,280.4","8,713.6","1,095.1","1,155.1","36,186.6",62.5
Maharashtra,1990-91   ,"2,313.7",918.7,"7,507.9","2,077.0","12,817.3","1,892.6","1,880.3","38,416.2",65.6
Maharashtra,1989-90   ,"2,318.8",907.1,"8,281.4","2,389.6","13,896.9","1,835.2","2,211.4","34,008.3",69.6
Maharashtra,1988-89   ,"2,652.1","1,043.2","5,652.8","2,427.7","11,775.8","1,702.3","1,373.3","25,499.6",88.9
Maharashtra,1987-88   ,"1,712.8",633.4,"7,304.2","2,044.5","11,694.9","1,315.3","1,467.6","24,983.6",86.8
Maharashtra,1986-87   ,"1,751.5",536.4,"3,881.2","1,430.7","7,599.8",839.8,888.7,"24,091.3",86.8
Maharashtra,1985-86   ,"2,181.8",644.4,"4,788.7","1,164.1","8,779.0",980.4,"1,989.9","23,705.6",94.9
Maharashtra,1984-85   ,"1,936.2",856.5,"5,828.8","1,114.3","9,735.8","1,405.0","1,466.9","26,367.4",85.5
Maharashtra,1983-84   ,"2,460.6","1,142.1","6,091.4","1,257.7","10,951.8","1,430.2",814.0,"26,549.1",105.3
Maharashtra,1982-83   ,"1,948.8",803.3,"5,500.6",962.9,"9,215.6","1,060.3","1,608.5","31,360.3",102.8
Maharashtra,1981-82   ,"2,435.4",988.5,"6,108.4","1,039.1","10,571.4","1,227.1","1,464.8","28,779.6",114.0
Maharashtra,1980-81   ,"2,360.6",931.3,"5,634.5",831.2,"9,757.6","1,005.3","1,268.6","23,590.6",119.4
Manipur,2022-23   ,-,-,-,-,-,-,-,-,-
Manipur,2021-22   ,567.4,5.7,50.9,31.3,655.2,25.4,-,279.4,-
Manipur,2020-21   ,602.2,5.8,59.7,29.4,697.1,32.6,-,279.4,-
Manipur,2019-20   ,385.5,5.8,4.9,25.2,421.4,27.4,-,0.0,-
Manipur,2018-19   ,401.6,5.7,58.2,29.5,495.0,32.2,-,315.1,-
Manipur,2017-18   ,607.8,5.6,63.1,30.0,706.5,32.8,-,348.0,-
Manipur,2016-17   ,430.4,5.6,58.8,30.3,525.1,32.3,-,348.0,-
Manipur,2015-16   ,338.8,5.6,61.6,29.8,435.7,31.8,-,348.0,-
Manipur,2014-15   ,334.1,5.6,58.8,30.8,429.3,31.7,-,339.3,-
Manipur,2013-14   ,398.5,5.6,58.6,29.9,492.6,31.0,-,339.3,-
Manipur,2012-13   ,257.6,6.0,44.7,28.4,336.7,32.1,-,311.7,-
Manipur,2011-12   ,591.0,5.4,45.9,26.9,669.1,28.3,-,333.0,-
Manipur,2010-11   ,521.7,5.3,41.5,24.2,592.7,26.7,-,301.3,-
Manipur,2009-10   ,319.9,-,11.7,7.2,338.9,0.7,-,21.3,-
Manipur,2008-09   ,397.0,-,11.5,6.5,415.0,0.7,-,21.3,-
Manipur,2007-08   ,406.2,-,8.4,7.2,421.8,0.9,-,16.8,-
Manipur,2006-07   ,386.1,-,7.9,4.5,398.5,0.7,-,23.0,-
Manipur,2005-06   ,386.1,-,7.9,4.5,398.5,0.7,-,23.0,-
Manipur,2004-05   ,435.9,-,8.9,3.0,447.8,0.8,-,21.8,-
Manipur,2003-04   ,381.2,-,7.5,3.2,391.9,0.4,-,22.0,-
Manipur,2002-03   ,332.6,-,8.5,2.6,343.7,0.4,-,20.6,-
Manipur,2001-02   ,387.3,-,10.1,3.1,400.5,0.4,-,21.2,-
Manipur,2000-01   ,381.7,-,10.9,3.2,395.8,1.3,-,24.2,-
Manipur,1999-00   ,365.0,-,10.7,0.0,375.7,1.2,-,21.2,-
Manipur,1998-99   ,382.2,-,10.1,0.0,392.3,1.0,-,22.9,-
Manipur,1997-98   ,351.7,-,13.1,0.0,364.8,1.0,-,15.4,-
Manipur,1996-97   ,367.3,-,23.4,0.0,390.7,1.5,-,42.8,-
Manipur,1995-96   ,331.8,-,7.1,0.0,338.9,1.4,0.3,38.6,-
Manipur,1994-95   ,478.3,-,10.4,0.0,488.7,1.7,0.1,41.2,-
Manipur,1993-94   ,348.8,-,7.8,0.0,356.6,1.9,0.1,58.8,-
Manipur,1992-93   ,269.3,-,8.1,0.0,277.4,1.9,0.1,58.8,-
Manipur,1991-92   ,340.5,-,9.6,0.0,350.1,1.2,0.1,49.0,-
Manipur,1990-91   ,274.2,-,11.4,0.0,285.6,1.3,0.1,63.0,-
Manipur,1989-90   ,245.1,-,14.9,0.0,260.0,1.2,0.2,55.4,-
Manipur,1988-89   ,275.6,-,12.2,0.0,287.8,1.8,0.2,74.0,-
Manipur,1987-88   ,272.1,-,14.1,0.0,286.2,2.0,0.2,95.3,-
Manipur,1986-87   ,242.5,-,16.4,0.0,258.9,1.2,1.7,71.7,-
Manipur,1985-86   ,332.5,-,14.6,0.0,347.1,2.9,1.7,19.3,-
Manipur,1984-85   ,333.0,-,12.2,0.0,345.2,2.1,1.7,60.0,-
Manipur,1983-84   ,255.1,-,10.4,0.0,265.5,2.1,1.7,60.0,-
Manipur,1982-83   ,219.5,-,9.0,0.0,228.5,2.1,1.7,60.0,-
Manipur,1981-82   ,253.1,-,9.2,0.0,262.3,1.0,0.3,77.9,-
Manipur,1980-81   ,273.0,-,17.8,0.0,290.8,2.2,0.3,77.9,-
Meghalaya,2022-23   ,-,-,-,-,-,-,-,-,-
Meghalaya,2021-22   ,297.3,0.9,44.7,12.1,355.0,15.3,8.6,0.4,95.1
Meghalaya,2020-21   ,295.8,0.9,44.5,12.0,353.3,15.2,8.6,0.4,95.0
Meghalaya,2019-20   ,303.4,0.9,44.5,12.0,360.8,15.1,-,0.4,95.0
Meghalaya,2018-19   ,202.0,0.9,44.4,13.4,260.7,15.1,-,0.4,94.9
Meghalaya,2017-18   ,304.6,0.9,44.4,11.9,361.8,15.1,-,0.4,94.8
Meghalaya,2016-17   ,203.0,0.9,44.4,11.8,260.1,15.0,-,0.4,94.7
Meghalaya,2015-16   ,301.1,0.9,44.0,11.7,357.7,15.2,-,0.4,94.5
Meghalaya,2014-15   ,298.2,0.8,43.4,11.3,353.8,14.9,-,0.3,92.5
Meghalaya,2013-14   ,273.9,0.8,42.1,3.2,320.0,14.1,-,0.3,89.9
Meghalaya,2012-13   ,232.0,0.7,28.7,3.7,265.0,6.9,-,0.2,53.2
Meghalaya,2011-12   ,216.5,0.6,28.3,3.7,249.1,7.6,-,0.2,50.4
Meghalaya,2010-11   ,207.0,0.7,27.6,3.7,239.0,7.1,-,0.2,52.6
Meghalaya,2009-10   ,206.7,0.7,28.2,3.6,239.2,7.0,5.5,0.2,53.1
Meghalaya,2008-09   ,203.9,0.7,27.8,3.9,236.3,7.1,5.6,0.3,54.6
Meghalaya,2007-08   ,200.0,1.1,27.4,3.3,231.8,6.7,6.5,0.3,54.9
Meghalaya,2006-07   ,200.2,1.2,27.2,2.9,231.5,6.6,7.7,0.2,55.1
Meghalaya,2005-06   ,151.9,1.2,26.4,3.6,183.1,6.7,7.8,0.2,55.7
Meghalaya,2004-05   ,193.7,1.6,26.3,3.6,225.2,6.5,7.8,0.2,39.2
Meghalaya,2003-04   ,200.7,1.5,28.1,3.5,233.8,6.4,7.8,0.2,56.2
Meghalaya,2002-03   ,190.9,4.7,28.2,3.3,227.1,6.5,7.8,0.2,56.4
Meghalaya,2001-02   ,189.0,4.8,27.4,3.5,224.7,6.4,7.9,0.2,49.6
Meghalaya,2000-01   ,179.0,6.9,26.6,3.5,216.0,6.3,7.7,0.2,57.2
Meghalaya,1999-00   ,170.7,7.0,26.4,4.6,208.7,6.2,5.5,0.2,51.9
Meghalaya,1998-99   ,149.7,7.0,27.6,3.5,187.8,6.1,5.6,0.3,48.5
Meghalaya,1997-98   ,150.1,6.9,27.1,2.5,186.6,5.9,5.6,2.3,56.3
Meghalaya,1996-97   ,141.1,6.9,27.8,2.5,178.3,5.9,5.5,2.2,53.7
Meghalaya,1995-96   ,111.8,4.7,23.9,2.5,142.9,6.4,5.3,2.3,48.9
Meghalaya,1994-95   ,111.5,6.4,22.7,2.4,143.0,5.7,5.3,2.1,56.6
Meghalaya,1993-94   ,117.8,6.6,22.5,2.5,149.4,5.6,5.4,2.3,55.3
Meghalaya,1992-93   ,114.0,6.2,22.6,2.4,145.2,4.2,5.4,2.2,55.6
Meghalaya,1991-92   ,121.1,5.6,26.2,2.4,155.3,5.6,5.4,2.1,65.0
Meghalaya,1990-91   ,119.8,5.9,26.3,2.4,154.4,5.4,5.4,2.0,60.7
Meghalaya,1989-90   ,116.7,5.9,26.0,2.4,151.0,5.4,5.3,2.4,60.5
Meghalaya,1988-89   ,105.6,6.7,23.7,2.3,138.3,4.9,4.2,3.0,59.5
Meghalaya,1987-88   ,110.5,5.6,23.8,2.4,142.3,5.7,4.2,4.0,60.2
Meghalaya,1986-87   ,98.7,6.7,23.2,2.7,131.3,5.5,4.2,4.6,47.1
Meghalaya,1985-86   ,132.4,6.1,25.9,2.3,166.7,5.9,4.9,5.5,72.5
Meghalaya,1984-85   ,125.2,5.2,26.7,2.8,159.9,5.3,5.1,7.2,69.4
Meghalaya,1983-84   ,131.2,4.8,25.2,2.1,163.3,3.4,5.1,5.6,64.4
Meghalaya,1982-83   ,123.0,4.6,24.0,2.0,153.6,4.2,4.7,9.0,63.9
Meghalaya,1981-82   ,125.1,4.9,23.1,1.6,154.7,3.7,4.5,9.0,61.7
Meghalaya,1980-81   ,132.6,4.1,16.7,1.5,154.9,4.8,4.5,9.3,70.2
Mizoram,2022-23   ,-,-,-,-,-,-,-,-,-
Mizoram,2021-22   ,60.9,-,11.3,5.7,77.9,3.2,-,36.9,-
Mizoram,2020-21   ,62.2,-,12.6,5.9,80.7,2.9,0.0,43.0,-
Mizoram,2019-20   ,60.0,-,11.0,5.5,76.5,2.8,-,44.3,-
Mizoram,2018-19   ,60.0,-,11.0,5.9,76.9,2.8,-,44.3,-
Mizoram,2017-18   ,59.6,-,9.5,5.1,74.2,2.4,-,44.8,-
Mizoram,2016-17   ,61.5,-,8.9,4.8,75.2,2.5,-,50.5,-
Mizoram,2015-16   ,62.1,-,10.3,5.0,77.4,3.0,-,51.3,-
Mizoram,2014-15   ,60.7,-,8.6,6.0,75.3,2.4,-,44.3,-
Mizoram,2013-14   ,59.0,-,8.2,5.7,72.8,2.4,-,7.0,-
Mizoram,2012-13   ,30.5,-,8.0,3.3,41.8,2.2,-,6.8,-
Mizoram,2011-12   ,54.3,-,8.4,5.3,68.0,2.4,-,7.5,-
Mizoram,2010-11   ,47.2,-,13.6,6.1,66.9,3.8,-,7.9,-
Mizoram,2009-10   ,44.3,-,11.5,6.5,62.3,3.0,0.8,12.4,-
Mizoram,2008-09   ,46.0,-,9.3,3.6,58.9,2.5,0.1,13.7,-
Mizoram,2007-08   ,15.7,-,0.7,2.7,19.1,0.8,0.6,0.8,-
Mizoram,2006-07   ,29.5,-,21.0,5.8,56.3,3.8,5.2,4.6,-
Mizoram,2005-06   ,99.2,-,22.7,7.9,129.8,5.4,0.2,4.6,-
Mizoram,2004-05   ,104.1,-,15.7,4.8,124.6,5.6,1.3,5.7,-
Mizoram,2003-04   ,114.6,-,20.3,4.5,139.4,5.4,1.3,3.6,-
Mizoram,2002-03   ,109.2,-,14.9,5.0,129.1,5.1,1.0,7.4,-
Mizoram,2001-02   ,105.7,-,16.7,3.9,126.3,5.1,1.0,9.4,-
Mizoram,2000-01   ,103.7,-,16.4,3.9,124.0,5.4,1.2,6.4,-
Mizoram,1999-00   ,88.4,-,9.9,7.3,105.6,7.2,2.0,1.5,-
Mizoram,1998-99   ,109.2,-,16.5,9.3,135.0,7.5,2.5,4.8,-
Mizoram,1997-98   ,110.3,-,16.5,6.7,133.5,12.3,2.5,7.5,-
Mizoram,1996-97   ,111.2,-,15.8,6.8,133.8,11.1,2.7,7.7,-
Mizoram,1995-96   ,101.5,-,15.2,7.0,123.7,7.1,2.5,7.3,-
Mizoram,1994-95   ,100.2,-,14.7,9.9,124.8,7.6,2.8,7.6,-
Mizoram,1993-94   ,96.7,-,14.2,9.8,120.7,7.6,2.1,5.7,-
Mizoram,1992-93   ,84.0,-,12.9,7.9,104.8,6.9,2.1,5.6,-
Mizoram,1991-92   ,71.0,-,12.3,6.9,90.2,6.7,2.9,5.3,-
Mizoram,1990-91   ,63.8,-,11.1,6.6,81.5,6.0,2.4,1.8,-
Mizoram,1989-90   ,59.2,-,9.1,0.7,69.0,2.7,2.0,7.1,-
Mizoram,1988-89   ,54.7,-,9.5,1.1,65.3,2.0,1.2,6.5,-
Mizoram,1987-88   ,49.2,-,3.9,1.0,54.1,1.5,1.5,3.0,-
Mizoram,1986-87   ,45.8,-,6.5,0.5,52.8,1.4,3.8,5.9,-
Mizoram,1985-86   ,43.2,-,6.4,0.0,6.4,1.2,2.4,2.7,-
Mizoram,1984-85   ,40.9,-,5.8,0.0,5.8,1.3,1.8,3.5,-
Mizoram,1983-84   ,24.5,-,5.5,0.0,5.5,0.6,1.6,3.5,-
Mizoram,1982-83   ,46.0,-,5.2,0.0,5.2,0.6,2.4,5.1,-
Mizoram,1981-82   ,28.3,-,6.2,0.0,34.5,0.6,2.4,5.1,-
Mizoram,1980-81   ,28.3,-,6.2,0.1,34.6,0.6,2.4,5.1,-
Nagaland,2022-23   ,-,-,-,-,-,-,-,-,-
Nagaland,2021-22   ,150.7,2.3,70.2,30.1,253.4,19.7,0.0,104.6,0.9
Nagaland,2020-21   ,367.4,6.3,149.4,47.1,570.2,70.2,0.0,203.0,38.1
Nagaland,2019-20   ,363.3,6.3,149.0,46.8,565.4,70.8,-,193.6,44.6
Nagaland,2018-19   ,356.7,6.3,148.8,46.4,558.1,69.5,-,193.2,44.5
Nagaland,2017-18   ,349.6,6.3,150.3,46.1,552.3,69.2,-,192.7,44.3
Nagaland,2016-17   ,336.7,6.2,149.5,44.5,536.9,68.9,-,192.4,7.9
Nagaland,2015-16   ,318.8,6.0,148.0,43.1,515.8,68.6,-,190.2,7.9
Nagaland,2014-15   ,454.2,5.6,147.5,42.4,649.6,68.1,-,189.3,7.8
Nagaland,2013-14   ,429.6,5.5,147.0,42.5,624.6,67.9,-,188.5,7.8
Nagaland,2012-13   ,405.2,5.9,145.9,43.6,600.6,67.5,-,187.6,7.7
Nagaland,2011-12   ,382.4,5.4,144.0,34.7,566.5,66.8,-,186.7,8.5
Nagaland,2010-11   ,381.4,5.3,145.2,36.4,568.3,66.3,-,184.9,8.4
Nagaland,2009-10   ,240.3,2.4,76.8,34.7,354.2,84.6,0.0,152.9,2.0
Nagaland,2008-09   ,345.1,2.1,127.3,39.7,514.2,71.5,0.1,185.8,1.3
Nagaland,2007-08   ,290.6,1.6,139.4,41.6,473.2,68.1,0.3,247.3,6.4
Nagaland,2006-07   ,263.5,1.3,126.4,45.0,436.2,62.6,0.2,233.9,5.9
Nagaland,2005-06   ,263.1,1.9,120.1,39.7,424.8,62.8,1.7,210.9,10.5
Nagaland,2004-05   ,259.8,13.0,105.5,25.2,403.5,81.9,0.2,142.1,6.7
Nagaland,2003-04   ,248.0,20.0,108.3,33.5,409.8,66.8,0.2,130.0,6.1
Nagaland,2002-03   ,225.0,17.0,118.0,28.0,388.0,74.0,5.0,80.0,5.5
Nagaland,2001-02   ,237.3,15.0,73.4,29.7,355.4,53.2,2.9,50.0,0.0
Nagaland,2000-01   ,230.0,10.0,61.6,21.1,322.7,46.1,0.4,35.0,0.5
Nagaland,1999-00   ,132.4,12.5,52.1,13.5,210.5,43.3,0.4,30.0,0.5
Nagaland,1998-99   ,209.6,9.4,50.5,12.5,282.0,35.4,0.4,68.0,0.2
Nagaland,1997-98   ,187.3,3.0,34.1,12.5,236.9,24.8,0.3,50.0,0.4
Nagaland,1996-97   ,153.0,2.5,43.2,13.6,212.3,20.4,0.4,125.0,4.2
Nagaland,1995-96   ,185.0,1.5,40.5,11.8,238.8,16.1,0.4,120.0,2.5
Nagaland,1994-95   ,174.0,0.6,37.0,7.9,219.5,15.5,0.3,125.0,2.5
Nagaland,1993-94   ,180.0,1.0,37.0,10.0,228.0,19.7,0.3,193.4,2.4
Nagaland,1992-93   ,176.0,0.3,44.9,7.5,228.7,15.1,0.1,200.0,2.4
Nagaland,1991-92   ,154.0,1.6,33.0,15.0,203.6,14.3,0.1,140.0,1.1
Nagaland,1990-91   ,152.2,1.3,28.2,12.0,193.7,11.6,0.1,130.0,0.8
Nagaland,1989-90   ,150.0,-,20.0,9.2,179.2,10.9,-,130.0,0.7
Nagaland,1988-89   ,130.0,-,19.3,5.5,154.8,6.6,-,129.0,0.7
Nagaland,1987-88   ,86.0,-,9.5,3.7,99.2,8.2,-,119.0,0.6
Nagaland,1986-87   ,83.9,-,7.2,2.2,93.3,11.3,-,106.0,0.6
Nagaland,1985-86   ,95.1,-,14.5,5.2,19.7,6.0,-,96.0,0.5
Nagaland,1984-85   ,102.4,-,14.2,3.1,17.3,5.4,-,81.0,0.6
Nagaland,1983-84   ,92.0,-,14.8,1.0,15.8,1.9,-,90.0,0.6
Nagaland,1982-83   ,108.4,-,13.0,0.4,13.4,1.9,-,140.5,0.6
Nagaland,1981-82   ,99.1,-,12.4,0.3,50.0,1.6,-,136.8,1.0
Nagaland,1980-81   ,91.2,-,11.8,0.5,46.8,1.2,-,122.4,0.5
Odisha,2022-23   ,"9,621.2",0.3,303.1,474.6,"10,399.1",129.9,665.5,412.5,51.2
Odisha,2021-22   ,"9,290.8",0.3,352.9,481.3,"10,125.2",145.2,625.9,397.6,67.3
Odisha,2020-21   ,"8,810.3",0.3,281.8,431.2,"9,523.6",135.1,551.0,381.3,28.9
Odisha,2019-20   ,"8,360.4",0.2,237.1,432.5,"9,030.1",99.5,579.0,505.0,25.2
Odisha,2018-19   ,"7,733.7",0.3,169.1,412.1,"8,315.2",91.1,455.0,417.8,32.4
Odisha,2017-18   ,"6,551.3",0.2,170.2,429.6,"7,151.3",93.1,408.0,240.1,44.2
Odisha,2016-17   ,"8,325.9",0.1,256.2,479.1,"9,061.3",121.2,382.0,344.3,32.8
Odisha,2015-16   ,"5,875.4",0.5,157.2,375.1,"6,408.2",120.1,300.0,577.2,56.8
Odisha,2014-15   ,"8,298.2",0.7,242.3,440.3,"8,980.5",141.5,400.0,722.9,68.4
Odisha,2013-14   ,"7,613.4",1.1,325.7,419.3,"8,359.4",168.8,299.0,936.5,82.3
Odisha,2012-13   ,"7,295.5",2.0,287.0,424.4,"8,008.8",170.3,400.0,952.4,83.8
Odisha,2011-12   ,"5,807.0",2.4,259.4,343.4,"6,412.3",165.8,325.0,884.7,101.2
Odisha,2010-11   ,"6,827.7",4.2,360.5,426.9,"7,619.3",179.8,250.0,902.7,113.5
Odisha,2009-10   ,"6,917.5",5.8,230.3,399.3,"7,552.9",172.2,147.2,489.9,112.0
Odisha,2008-09   ,"6,812.7",7.4,191.7,387.3,"7,399.1",180.3,146.6,646.2,114.7
Odisha,2007-08   ,"7,540.7",8.7,210.4,383.5,"8,143.3",196.6,124.7,"1,096.2",151.1
Odisha,2006-07   ,"6,824.7",5.8,162.4,351.8,"7,344.7",175.1,107.9,"1,274.4",132.4
Odisha,2005-06   ,"6,859.0",4.5,159.9,336.3,"7,359.7",187.7,144.8,"1,073.0",141.5
Odisha,2004-05   ,"6,466.0",5.0,169.1,249.6,"6,889.7",179.5,111.2,859.9,145.9
Odisha,2003-04   ,"6,733.7",7.5,143.0,272.7,"7,156.9",156.9,88.2,858.1,127.3
Odisha,2002-03   ,"3,276.7",5.8,96.8,194.4,"3,573.7",93.7,49.9,753.2,148.1
Odisha,2001-02   ,"7,148.0",10.6,121.3,284.2,"7,564.1",137.5,54.7,644.0,146.6
Odisha,2000-01   ,"4,614.0",12.9,144.6,212.7,"4,984.2",114.9,65.3,963.9,140.5
Odisha,1999-00   ,"5,187.0",7.7,163.0,264.8,"5,622.5",167.7,61.0,"1,080.3",168.8
Odisha,1998-99   ,"5,391.5",4.4,147.9,249.3,"5,793.1",167.0,53.0,"1,469.5",151.6
Odisha,1997-98   ,"6,204.6",6.6,140.1,286.5,"6,637.8",195.9,36.0,"1,144.0",261.8
Odisha,1996-97   ,"4,438.4",6.6,160.5,225.9,"4,831.4",173.2,30.2,"1,332.1",232.1
Odisha,1995-96   ,"6,226.2",6.1,138.6,593.4,"6,964.3",243.2,21.8,"1,594.2",255.9
Odisha,1994-95   ,"6,353.2",6.7,128.9,585.3,"7,074.1",244.0,9.7,"1,198.6",206.9
Odisha,1993-94   ,"6,616.3",5.0,169.9,771.5,"7,562.7",294.3,3.2,781.0,399.4
Odisha,1992-93   ,"5,387.7",7.5,151.5,509.4,"6,056.1",240.8,3.7,754.2,464.1
Odisha,1991-92   ,"6,659.7",56.5,423.9,"2,023.6","9,163.7",858.0,7.2,"2,744.6",626.9
Odisha,1990-91   ,"5,275.3",55.6,525.6,"1,920.7","7,777.2",940.9,8.7,"3,549.0",695.4
Odisha,1989-90   ,"6,284.0",64.9,507.9,"1,929.7","8,786.5",866.5,10.9,"3,325.0",505.3
Odisha,1988-89   ,"5,296.5",69.3,527.3,"1,897.5","7,790.6",860.5,8.6,"3,200.2",515.8
Odisha,1987-88   ,"3,471.4",71.1,467.7,"1,804.2","5,814.4",820.2,5.3,"2,785.7",502.3
Odisha,1986-87   ,"4,834.4",75.8,420.2,"1,911.5","7,241.9",798.9,2.5,"2,785.6",478.6
Odisha,1985-86   ,"5,226.3",106.9,518.6,"1,031.3","6,883.1",850.0,3.2,"3,700.0",724.0
Odisha,1984-85   ,"4,172.2",96.3,439.4,910.8,"5,618.7",748.5,1.9,"3,700.0",560.0
Odisha,1983-84   ,"5,120.6",150.1,691.0,"1,054.8","7,016.5",714.5,2.2,"2,861.9",626.5
Odisha,1982-83   ,"2,991.5",121.0,528.8,921.6,"4,562.9",589.6,3.3,"3,169.4",484.0
Odisha,1981-82   ,"3,853.0",125.2,514.7,944.3,"5,437.2",596.9,5.7,"3,220.0",602.9
Odisha,1980-81   ,"4,300.8",122.4,667.4,886.1,"5,976.7",484.7,4.0,"3,060.0",519.0
Punjab,2022-23   ,"13,146.7","16,474.0",435.7,75.4,"30,131.9",93.5,459.7,"7,639.0",-
Punjab,2021-22   ,"12,885.5","14,861.4",429.7,76.0,"28,252.5",75.3,646.0,"7,130.9",-
Punjab,2020-21   ,"12,783.6","17,186.0",417.6,31.1,"30,418.3",58.8,"1,022.7","7,487.0",-
Punjab,2019-20   ,"11,779.3","17,615.6",433.3,29.2,"29,857.3",58.4,"1,206.0","7,302.0",-
Punjab,2018-19   ,"12,821.6","18,261.8",421.3,27.7,"31,532.3",59.5,"1,222.0","7,773.7",-
Punjab,2017-18   ,"13,381.8","17,830.4",453.2,26.5,"31,691.9",59.5,"1,283.0","8,023.7",-
Punjab,2016-17   ,"11,586.2","16,440.5",477.2,33.0,"28,536.9",57.8,"1,031.0","7,152.0",-
Punjab,2015-16   ,"11,823.0","16,077.0",457.3,43.5,"28,400.8",56.8,750.0,"6,607.0",-
Punjab,2014-15   ,"11,107.0","15,050.0",499.4,41.6,"26,698.0",57.7,"1,600.0","7,039.0",-
Punjab,2013-14   ,"11,267.0","17,620.0",553.8,39.6,"29,480.4",64.2,"1,968.0","6,675.0",-
Punjab,2012-13   ,"11,374.0","16,591.0",525.0,53.0,"28,543.0",69.4,"2,000.0","5,919.0",-
Punjab,2011-12   ,"10,542.0","17,280.1",552.0,15.0,"28,389.1",68.0,"2,300.0","5,653.0",-
Punjab,2010-11   ,"10,837.0","16,472.0",538.0,19.3,"27,866.3",71.5,"2,100.0","4,170.0",-
Punjab,2009-10   ,"11,236.0","15,169.0",527.1,18.0,"26,950.1",83.4,"2,006.0","3,700.0",-
Punjab,2008-09   ,"11,000.0","15,733.0",575.1,21.7,"27,329.8",76.2,"2,285.0","4,670.0",-
Punjab,2007-08   ,"10,489.0","15,720.0",583.1,23.0,"26,815.1",76.5,"2,355.0","6,690.0",-
Punjab,2006-07   ,"10,138.0","14,596.0",552.0,27.1,"25,313.1",78.2,"2,678.0","6,020.0",-
Punjab,2005-06   ,"10,193.0","14,493.0",472.0,26.2,"25,184.2",89.6,"2,395.0","4,860.0",-
Punjab,2004-05   ,"10,437.0","14,698.0",504.0,31.7,"25,670.7",100.4,"2,087.0","5,170.0",-
Punjab,2003-04   ,"9,656.0","14,489.0",545.0,39.4,"24,729.4",103.8,"1,478.0","6,620.0",-
Punjab,2002-03   ,"8,880.0","14,175.0",402.3,33.9,"23,491.2",90.9,"1,083.0","9,290.0",-
Punjab,2001-02   ,"8,816.0","15,499.0",535.9,36.0,"24,886.9",82.6,"1,307.0","9,250.0",-
Punjab,2000-01   ,"9,154.0","15,551.0",575.1,44.4,"25,324.5",87.4,"1,199.0","7,770.0",-
Punjab,1999-00   ,"8,716.0","15,910.0",530.0,45.4,"25,201.4",111.7,952.0,"6,770.0",-
Punjab,1998-99   ,"7,940.0","14,460.0",456.2,50.7,"22,906.9",170.5,595.0,"6,130.0",-
Punjab,1997-98   ,"7,904.0","12,715.0",464.2,60.0,"21,143.2",218.6,937.0,"7,150.0",-
Punjab,1996-97   ,"7,334.0","13,672.0",467.2,80.1,"21,553.3",284.0,"1,925.0","11,040.0",-
Punjab,1995-96   ,"6,768.0","12,518.0",436.2,142.0,"19,864.2",306.1,"1,950.0","8,620.0",-
Punjab,1994-95   ,"7,703.0","13,542.0",481.3,151.5,"21,877.8",263.6,"1,779.0","5,160.0",-
Punjab,1993-94   ,"7,642.0","13,377.0",477.3,135.6,"21,631.9",235.0,"1,514.0","4,710.0",-
Punjab,1992-93   ,"7,002.0","12,369.0",561.1,121.6,"20,053.7",231.2,"2,314.0","6,369.0",-
Punjab,1991-92   ,"6,755.0","12,295.0",505.2,128.9,"19,684.1",258.5,"2,357.0","6,920.0",-
Punjab,1990-91   ,"6,535.0","12,155.0",450.3,160.4,"19,300.7",110.8,"1,909.0","6,000.0",-
Punjab,1989-90   ,"6,697.0","11,681.0",508.5,144.9,"19,031.4",132.2,"2,454.0","6,500.0",-
Punjab,1988-89   ,"4,925.0","11,580.0",432.1,169.9,"17,107.0",145.0,"2,118.0","6,000.0",-
Punjab,1987-88   ,"5,442.0","11,084.0",467.6,140.7,"17,134.3",236.4,"1,859.0","5,820.0",-
Punjab,1986-87   ,"6,022.0","9,458.0",633.2,245.6,"16,358.8",166.4,"1,691.0","6,110.0",-
Punjab,1985-86   ,"5,448.9","10,988.0",548.4,203.7,"17,189.0",197.5,"1,403.0","5,050.0",-
Punjab,1984-85   ,"5,052.0","10,176.0",719.6,151.4,"16,099.0",198.5,"1,241.0","4,920.0",-
Punjab,1983-84   ,"4,536.0","9,422.0",687.1,135.6,"14,780.7",120.2,707.0,"5,530.0",-
Punjab,1982-83   ,"4,147.0","9,157.0",719.9,121.6,"14,145.5",133.0,"1,218.0","6,340.0",-
Punjab,1981-82   ,"3,755.0","8,553.0",858.9,158.9,"13,325.8",168.7,"1,270.0","6,120.0",-
Punjab,1980-81   ,"3,223.0","7,677.0",802.8,199.9,"11,902.7",187.3,"1,178.0","3,920.0",-
Rajasthan,2022-23   ,577.4,"10,250.4","8,759.9","3,830.6","23,418.2","9,295.8","2,774.5",217.4,-
Rajasthan,2021-22   ,478.6,"10,095.5","7,035.7","4,053.0","21,662.8","8,688.0","2,481.0",321.4,-
Rajasthan,2020-21   ,634.0,"11,035.4","8,360.9","4,252.0","24,282.3","7,984.6","3,207.6",393.7,-
Rajasthan,2019-20   ,480.5,"10,916.1","7,333.3","4,497.1","23,227.1","6,769.2","2,788.0",326.2,-
Rajasthan,2018-19   ,453.2,"10,082.9","6,993.3","3,759.4","21,288.8","6,899.1","2,026.0",447.9,-
Rajasthan,2017-18   ,450.9,"9,368.5","6,732.2","3,405.4","19,957.0","6,111.3","1,893.0",381.9,-
Rajasthan,2016-17   ,452.7,"8,985.3","6,734.5","3,181.2","19,353.6","6,240.2","1,401.9",488.7,-
Rajasthan,2015-16   ,369.8,"9,871.0","5,808.9","1,990.2","18,039.9","5,692.5","1,214.0",531.3,-
Rajasthan,2014-15   ,366.7,"9,823.9","7,479.5","1,951.8","19,621.9","5,314.3","1,527.0",408.9,-
Rajasthan,2013-14   ,312.6,"8,663.2","6,432.9","2,490.9","17,899.6","6,033.8","1,287.0",362.9,-
Rajasthan,2012-13   ,222.5,"9,275.5","6,912.9","1,956.8","18,367.7","6,364.6","1,400.0",401.8,-
Rajasthan,2011-12   ,253.4,"9,319.6","7,464.7","2,432.1","19,469.7","5,744.5","1,335.0",451.3,-
Rajasthan,2010-11   ,265.5,"7,214.5","8,092.5","3,259.7","18,832.2","6,604.8",900.0,367.9,-
Rajasthan,2009-10   ,228.3,"7,500.9","3,907.2",713.7,"12,350.1","4,407.2",903.1,344.5,-
Rajasthan,2008-09   ,241.1,"7,287.0","7,325.7","1,826.4","16,680.2","5,178.4",725.7,388.2,-
Rajasthan,2007-08   ,259.6,"7,124.9","7,121.4","1,552.8","16,058.7","4,197.6",862.2,593.8,-
Rajasthan,2006-07   ,169.8,"7,055.8","5,501.9","1,481.3","14,208.8","5,166.8",746.8,629.7,-
Rajasthan,2005-06   ,153.0,"5,865.3","4,528.6",898.1,"11,445.0","5,964.0",880.5,482.6,-
Rajasthan,2004-05   ,150.4,"5,706.6","4,956.4","1,337.4","12,150.8","5,541.1",764.6,276.6,-
Rajasthan,2003-04   ,164.8,"5,875.8","9,674.8","2,278.4","17,993.8","3,996.8",709.0,309.4,-
Rajasthan,2002-03   ,67.9,"4,878.0","2,105.6",484.5,"7,536.0","1,754.6",252.4,421.7,-
Rajasthan,2001-02   ,180.0,"6,389.0","6,008.6","1,426.1","14,003.7","3,129.0",280.8,432.2,-
Rajasthan,2000-01   ,155.7,"5,547.1","3,606.3",731.5,"10,040.6","2,035.4",805.4,561.3,-
Rajasthan,1999-00   ,252.6,"6,731.9","2,808.7",890.9,"10,684.1","3,407.4",984.2,786.8,-
Rajasthan,1998-99   ,205.5,"6,879.8","3,414.8","2,444.4","12,944.5","3,811.4",872.0,"1,078.8",-
Rajasthan,1997-98   ,190.3,"6,701.0","4,322.7","2,634.9","13,848.9","3,296.9",867.5,"1,158.7",-
Rajasthan,1996-97   ,174.2,"6,782.0","4,025.5","1,847.6","12,829.3","3,531.5","1,363.3","1,290.2",-
Rajasthan,1995-96   ,117.6,"5,493.3","2,500.4","1,781.8","9,893.1","3,070.0","1,338.3","1,410.8",0.2
Rajasthan,1994-95   ,173.2,"5,612.7","3,959.0","2,494.0","12,238.9","2,834.1",875.2,987.0,-
Rajasthan,1993-94   ,143.1,"3,459.5","2,381.1","1,357.4","7,341.1","2,405.2",838.7,"1,020.0",0.2
Rajasthan,1992-93   ,174.8,"5,147.8","4,698.6","2,040.6","12,061.8","2,541.5","1,016.2","1,129.0",0.3
Rajasthan,1991-92   ,119.5,"4,478.4","2,466.5","1,122.0","8,186.4","2,710.7",845.2,"1,360.7",0.4
Rajasthan,1990-91   ,142.1,"4,308.6","4,765.0","2,338.3","11,554.0","2,355.6",918.4,"1,203.1",0.4
Rajasthan,1989-90   ,151.1,"3,400.1","3,826.1","1,552.0","8,929.3","1,845.6",986.4,716.3,0.5
Rajasthan,1988-89   ,185.8,"3,964.1","4,884.4","2,211.3","11,245.6","1,917.2",600.8,686.3,1.3
Rajasthan,1987-88   ,47.3,"2,909.1","1,351.0",527.0,"4,834.4","1,258.0",218.0,948.4,0.1
Rajasthan,1986-87   ,129.3,"3,401.9","2,313.8","1,057.8","6,902.8",882.6,698.6,"1,290.5",0.5
Rajasthan,1985-86   ,119.4,"3,721.2","2,325.6","1,766.9","7,933.1",912.6,474.4,"1,009.5",0.5
Rajasthan,1984-85   ,212.8,"2,792.4","3,526.8","1,382.5","7,914.5","1,189.2",441.3,"1,369.3",1.2
Rajasthan,1983-84   ,217.5,"3,441.7","4,737.0","1,679.2","10,075.4",951.4,578.9,"1,485.4",0.6
Rajasthan,1982-83   ,87.5,"3,787.2","2,878.9","1,623.8","8,377.4",625.6,554.0,"1,429.9",0.2
Rajasthan,1981-82   ,138.8,"2,933.2","2,558.2","1,532.9","7,163.1",652.3,425.4,"1,436.8",0.3
Rajasthan,1980-81   ,149.8,"2,393.9","2,783.1","1,169.7","6,496.5",385.7,388.3,"1,163.9",0.3
Sikkim,2022-23   ,-,-,-,-,-,-,-,-,-
Sikkim,2021-22   ,16.0,0.1,70.0,5.1,91.3,5.6,-,-,-
Sikkim,2020-21   ,16.2,0.1,70.5,5.0,91.8,5.7,-,-,-
Sikkim,2019-20   ,16.1,0.2,70.7,5.0,92.1,5.6,-,-,-
Sikkim,2018-19   ,17.2,0.2,69.8,4.8,92.0,5.6,-,-,-
Sikkim,2017-18   ,17.6,0.2,71.0,5.1,93.9,5.8,-,-,-
Sikkim,2016-17   ,19.7,0.4,75.9,5.5,101.3,6.4,-,-,-
Sikkim,2015-16   ,13.1,0.4,75.3,5.4,94.1,6.3,-,-,-
Sikkim,2014-15   ,20.1,0.4,75.9,5.8,102.2,7.1,-,-,-
Sikkim,2013-14   ,20.3,0.4,75.9,5.8,102.4,7.1,-,-,-
Sikkim,2012-13   ,21.3,0.6,78.3,5.8,106.0,7.1,-,-,-
Sikkim,2011-12   ,20.9,2.7,73.8,5.9,103.2,7.8,-,-,-
Sikkim,2010-11   ,21.0,2.7,74.8,11.9,110.3,7.9,-,-,-
Sikkim,2009-10   ,24.3,5.9,74.2,12.9,117.3,9.4,-,-,-
Sikkim,2008-09   ,21.7,7.8,66.2,11.8,107.5,7.4,-,-,-
Sikkim,2007-08   ,22.9,4.5,72.6,11.6,111.6,7.5,-,-,-
Sikkim,2006-07   ,21.5,9.0,63.7,6.1,100.3,7.2,-,-,-
Sikkim,2005-06   ,21.5,9.0,63.7,6.1,100.3,7.2,-,-,-
Sikkim,2004-05   ,21.6,8.3,67.4,6.6,103.9,7.6,-,-,-
Sikkim,2003-04   ,21.2,8.1,63.8,6.8,99.9,7.4,-,-,-
Sikkim,2002-03   ,21.2,8.9,59.9,6.6,96.6,7.1,-,-,-
Sikkim,2001-02   ,22.3,9.8,61.0,5.6,98.7,6.9,-,-,-
Sikkim,2000-01   ,21.4,10.1,66.5,5.2,103.2,6.9,-,-,-
Sikkim,1999-00   ,23.4,12.8,60.8,6.1,103.1,7.6,-,-,-
Sikkim,1998-99   ,22.0,6.4,56.7,5.6,90.7,5.1,-,-,-
Sikkim,1997-98   ,21.4,14.0,61.8,5.9,103.1,7.6,-,-,-
Sikkim,1996-97   ,22.1,14.8,62.9,6.0,105.8,7.6,-,-,-
Sikkim,1995-96   ,21.9,15.3,63.0,9.1,109.3,7.6,-,-,-
Sikkim,1994-95   ,20.7,14.9,60.9,12.1,108.6,6.8,-,-,-
Sikkim,1993-94   ,20.7,14.1,60.9,8.6,104.3,6.6,-,-,-
Sikkim,1992-93   ,20.7,14.1,59.9,10.3,105.0,5.7,-,-,-
Sikkim,1991-92   ,22.3,14.2,63.6,11.0,111.1,11.1,-,-,-
Sikkim,1990-91   ,25.3,19.6,69.0,22.8,136.7,14.4,-,-,-
Sikkim,1989-90   ,23.0,20.3,65.7,25.5,134.5,15.1,-,-,-
Sikkim,1988-89   ,18.6,17.8,63.6,7.2,107.2,12.8,-,-,-
Sikkim,1987-88   ,19.0,17.7,56.4,7.9,101.0,12.1,-,-,-
Sikkim,1986-87   ,17.3,16.5,55.1,14.9,103.8,11.4,-,-,-
Sikkim,1985-86   ,16.5,16.2,53.3,10.5,96.5,10.3,-,-,-
Sikkim,1984-85   ,15.6,15.3,50.7,9.3,90.9,8.2,-,-,-
Sikkim,1983-84   ,13.6,12.4,42.8,7.1,75.9,7.3,-,-,-
Sikkim,1982-83   ,11.6,11.8,34.5,5.5,63.4,6.0,-,-,-
Sikkim,1981-82   ,12.0,12.9,34.9,3.9,63.7,4.3,-,-,-
Sikkim,1980-81   ,-,-,-,-,-,-,-,-,-
Tamil Nadu,2022-23   ,"7,850.6",-,"3,663.5",549.1,"12,063.2",948.1,356.0,"16,915.7",-
Tamil Nadu,2021-22   ,"7,906.6",-,"3,592.4",499.0,"11,998.0","1,082.8",301.9,"16,166.4",-
Tamil Nadu,2020-21   ,"6,881.2",-,"3,470.0",472.5,"10,823.6","1,062.9",243.2,"13,284.6",-
Tamil Nadu,2019-20   ,"7,171.1",-,"3,493.2",605.4,"11,269.8","1,075.0",418.0,"14,119.1",-
Tamil Nadu,2018-19   ,"6,130.9",-,"3,708.0",551.2,"10,390.1",940.9,269.0,"17,140.2",-
Tamil Nadu,2017-18   ,"6,638.9",-,"3,518.4",556.3,"10,713.6","1,038.0",445.0,"17,154.0",-
Tamil Nadu,2016-17   ,"2,369.4",-,"1,345.2",427.1,"4,141.6",604.1,359.0,"18,987.6",-
Tamil Nadu,2015-16   ,"7,517.1",-,"3,406.6",554.8,"11,478.5",932.2,369.0,"25,494.1",-
Tamil Nadu,2014-15   ,"5,727.8",-,"3,142.6",753.2,"9,623.7",985.3,686.0,"28,092.8",-
Tamil Nadu,2013-14   ,"5,349.8",-,"2,819.7",613.8,"8,783.2",964.2,408.0,"32,454.1",-
Tamil Nadu,2012-13   ,"4,049.9",-,"1,333.0",209.9,"5,592.8",816.9,500.0,"33,919.2",-
Tamil Nadu,2011-12   ,"7,458.7",-,"2,323.8",369.3,"10,151.8","1,113.7",450.0,"38,575.7",-
Tamil Nadu,2010-11   ,"5,792.4",-,"1,556.5",246.0,"7,594.9",933.1,450.0,"34,251.8",-
Tamil Nadu,2009-10   ,"5,665.2",-,"1,642.0",204.1,"7,511.4",939.6,225.0,"29,745.6",-
Tamil Nadu,2008-09   ,"5,182.7",-,"1,755.1",164.5,"7,102.3","1,043.0",187.7,"32,804.4",-
Tamil Nadu,2007-08   ,"5,040.2",-,"1,357.1",185.0,"6,582.3","1,146.7",200.7,"38,071.0",-
Tamil Nadu,2006-07   ,"6,610.6",-,"1,361.9",290.5,"8,263.0","1,083.5",220.9,"41,124.0",-
Tamil Nadu,2005-06   ,"5,220.0",-,730.2,177.0,"6,127.2","1,152.9",213.3,"35,106.5",-
Tamil Nadu,2004-05   ,"5,062.2",-,868.0,245.6,"6,175.8","1,061.1",194.8,"23,396.0",1.1
Tamil Nadu,2003-04   ,"3,222.8",-,983.0,200.8,"4,406.6",963.6,122.7,"17,656.0",3.5
Tamil Nadu,2002-03   ,"3,577.1",-,682.8,182.2,"4,442.1",760.0,83.5,"24,165.4",3.9
Tamil Nadu,2001-02   ,"6,584.0",-,834.0,313.9,"7,731.9","1,313.0",326.1,"32,620.0",1.6
Tamil Nadu,2000-01   ,"7,366.3",-,937.8,312.7,"8,616.8","1,441.7",316.6,"33,188.0",3.3
Tamil Nadu,1999-00   ,"7,532.1",-,"1,065.9",370.8,"8,968.8","1,476.4",339.5,"34,285.0",0.2
Tamil Nadu,1998-99   ,"8,141.4",-,973.0,304.3,"9,418.7","1,642.0",406.3,"33,764.8",1.8
Tamil Nadu,1997-98   ,"6,893.7",-,965.8,244.2,"8,103.7","1,474.2",358.0,"30,183.6",1.3
Tamil Nadu,1996-97   ,"1,903.8",-,891.9,232.8,"3,028.5",461.8,329.9,"25,918.8",1.0
Tamil Nadu,1995-96   ,"5,290.0",0.0,882.2,379.0,"6,551.2","1,593.6",339.4,"32,944.2",0.9
Tamil Nadu,1994-95   ,"7,562.8",0.1,"1,185.1",430.1,"9,178.1","1,874.4",440.0,"36,456.1",0.3
Tamil Nadu,1993-94   ,"6,749.8",0.1,"1,231.2",346.8,"8,327.9","1,968.3",426.2,"25,991.8",0.6
Tamil Nadu,1992-93   ,"6,805.7",0.1,"1,209.5",594.3,"8,609.6","1,866.1",454.0,"23,064.2",0.2
Tamil Nadu,1991-92   ,"6,596.3",0.2,"1,317.6",579.5,"8,493.6","1,597.7",437.2,"24,886.8",0.3
Tamil Nadu,1990-91   ,"5,782.4",0.2,"1,307.3",599.2,"7,689.1","1,242.1",408.7,"23,480.2",1.2
Tamil Nadu,1989-90   ,"6,063.4",0.1,"1,415.6",676.9,"8,156.0","1,304.4",511.7,"23,444.5",0.4
Tamil Nadu,1988-89   ,"5,590.0",0.1,"1,375.7",635.1,"7,600.9","1,321.2",476.2,"23,767.6",1.0
Tamil Nadu,1987-88   ,"5,604.5",0.2,"1,662.2",554.2,"7,821.1","1,324.4",436.6,"20,765.9",0.9
Tamil Nadu,1986-87   ,"5,332.7",0.3,"1,536.5",441.2,"7,310.7","1,138.2",277.9,"21,604.7",1.6
Tamil Nadu,1985-86   ,"5,370.5",0.4,"1,480.3",322.3,"7,173.5","1,233.0",484.7,"20,004.8",1.9
Tamil Nadu,1984-85   ,"5,361.6",0.4,"1,323.1",209.9,"6,895.0","1,042.6",585.0,"17,594.2",2.0
Tamil Nadu,1983-84   ,"4,465.8",0.2,"1,472.0",246.4,"6,184.4","1,038.0",262.0,"13,258.2",2.1
Tamil Nadu,1982-83   ,"3,504.0",0.3,"1,118.6",209.9,"4,832.8",913.5,248.1,"15,210.0",2.0
Tamil Nadu,1981-82   ,"5,607.0",0.4,"1,609.5",183.3,"7,400.2","1,296.7",277.7,"20,208.1",1.5
Tamil Nadu,1980-81   ,"4,159.0",0.5,"1,180.3",146.7,"5,486.5",718.5,264.6,"18,570.0",0.6
Telangana,2022-23   ,"16,013.9",5.9,"2,957.1",458.3,"19,435.1",610.3,"5,312.7","2,635.0",-
Telangana,2021-22   ,"12,409.6",14.1,"2,349.2",575.9,"15,348.8",681.2,"4,878.1","2,864.6",-
Telangana,2020-21   ,"10,217.1",15.8,"1,922.9",589.7,"12,745.6",574.0,"5,797.9","1,751.0",-
Telangana,2019-20   ,"7,427.8",9.2,"3,138.9",549.2,"11,125.0",639.2,"6,833.0","2,012.9",-
Telangana,2018-19   ,"6,670.0",9.4,"2,155.7",440.1,"9,275.2",589.2,"3,847.0","3,183.6",-
Telangana,2017-18   ,"6,262.2",5.6,"2,639.3",514.0,"9,421.1",669.8,"5,195.0","2,604.5",-
Telangana,2016-17   ,"5,173.4",7.0,"2,768.2",536.0,"8,484.6",723.0,"3,444.0","2,061.0",-
Telangana,2015-16   ,"3,047.0",8.5,"1,834.0",239.6,"5,129.0",496.0,"3,661.0","2,405.0",-
Tripura,2022-23   ,-,-,-,-,-,-,-,-,-
Tripura,2021-22   ,810.9,0.1,41.6,18.3,870.9,12.6,0.8,48.4,6.5
Tripura,2020-21   ,803.1,0.1,44.2,20.3,867.6,13.2,0.9,48.6,6.2
Tripura,2019-20   ,810.2,0.3,24.1,18.7,853.3,14.4,-,36.4,5.3
Tripura,2018-19   ,793.2,0.3,23.9,18.9,836.3,14.0,-,35.9,10.0
Tripura,2017-18   ,812.1,0.4,23.6,19.3,855.3,13.8,-,42.5,10.0
Tripura,2016-17   ,814.6,0.5,21.3,23.2,859.6,12.5,-,-,10.3
Tripura,2015-16   ,794.9,0.4,12.2,10.9,818.3,9.0,-,-,11.2
Tripura,2014-15   ,747.0,0.3,5.9,8.4,761.6,7.1,-,-,10.6
Tripura,2013-14   ,711.8,0.3,5.9,8.7,726.7,4.6,-,49.6,12.4
Tripura,2012-13   ,713.2,1.3,4.7,6.0,725.2,2.4,-,45.4,10.3
Tripura,2011-12   ,718.3,0.5,5.1,6.0,729.9,3.5,-,45.0,10.7
Tripura,2010-11   ,702.5,0.6,4.1,5.2,712.4,3.4,-,46.5,10.7
Tripura,2009-10   ,640.0,1.3,2.0,4.5,647.9,2.5,1.4,44.9,9.4
Tripura,2008-09   ,627.1,1.2,2.0,4.4,634.7,2.5,1.4,51.7,8.7
Tripura,2007-08   ,624.6,1.9,2.1,4.7,633.3,2.7,1.5,46.7,10.5
Tripura,2006-07   ,620.5,1.8,2.4,5.3,630.0,3.1,1.6,42.4,11.8
Tripura,2005-06   ,552.9,2.9,2.2,5.6,563.6,3.9,1.6,52.6,23.3
Tripura,2004-05   ,545.1,2.8,3.0,5.5,556.4,3.9,1.5,52.4,22.5
Tripura,2003-04   ,516.6,5.1,2.2,5.2,529.1,3.8,1.7,47.5,22.1
Tripura,2002-03   ,602.3,1.8,2.2,5.5,611.8,3.5,1.6,56.2,23.3
Tripura,2001-02   ,587.4,2.5,2.1,5.5,597.5,3.8,1.9,52.7,25.4
Tripura,2000-01   ,513.4,2.2,1.6,5.9,523.1,4.7,1.3,54.1,23.6
Tripura,1999-00   ,505.7,2.4,1.0,4.4,513.5,4.2,1.0,51.3,18.0
Tripura,1998-99   ,491.5,2.1,1.7,4.1,499.4,5.5,0.9,51.3,25.3
Tripura,1997-98   ,535.8,4.4,1.8,5.4,547.4,7.2,1.2,58.0,37.0
Tripura,1996-97   ,266.0,3.9,1.8,5.6,277.3,8.5,1.6,55.0,36.0
Tripura,1995-96   ,465.5,5.2,1.8,6.7,479.2,8.5,1.7,75.0,30.7
Tripura,1994-95   ,413.9,4.9,1.8,8.0,428.6,9.8,2.4,74.3,43.1
Tripura,1993-94   ,493.2,7.8,1.6,9.3,511.9,11.2,1.6,72.2,38.8
Tripura,1992-93   ,438.1,9.1,1.7,9.6,458.5,10.8,1.6,69.0,41.1
Tripura,1991-92   ,474.5,4.7,1.2,9.3,489.7,10.5,0.8,76.8,51.0
Tripura,1990-91   ,501.3,6.9,1.6,9.3,519.1,10.3,1.0,91.0,70.7
Tripura,1989-90   ,459.1,6.6,0.0,9.1,474.8,10.2,1.0,87.9,47.5
Tripura,1988-89   ,457.5,6.1,0.0,6.9,470.5,6.8,1.1,80.5,73.2
Tripura,1987-88   ,433.2,5.1,0.0,5.9,444.2,6.0,1.0,72.5,87.5
Tripura,1986-87   ,383.2,4.3,0.0,4.1,391.6,4.3,1.6,69.4,84.7
Tripura,1985-86   ,367.5,3.8,0.0,2.7,374.0,4.0,1.5,64.9,102.1
Tripura,1984-85   ,373.0,3.3,0.0,2.7,379.0,3.7,1.6,72.8,75.0
Tripura,1983-84   ,378.6,5.6,0.0,2.7,386.9,3.8,1.7,75.9,79.9
Tripura,1982-83   ,419.7,6.0,0.0,2.6,428.3,3.8,1.5,80.0,97.7
Tripura,1981-82   ,350.0,8.1,0.0,1.9,360.0,3.5,1.4,71.3,96.4
Tripura,1980-81   ,390.0,10.3,0.0,2.3,402.6,4.5,1.8,65.0,87.9
Uttar Pradesh,2022-23   ,"15,171.3","34,910.8","4,377.3","2,786.5","57,245.7","1,322.7",9.0,"2,25,219.3",-
Uttar Pradesh,2021-22   ,"15,271.5","33,949.7","4,347.3","2,619.6","56,188.1","1,237.3",8.6,"1,79,167.1",-
Uttar Pradesh,2020-21   ,"15,520.0","35,506.6","4,604.4","2,475.9","58,106.9","1,276.2",6.5,"1,78,339.3",-
Uttar Pradesh,2019-20   ,"15,517.8","33,815.5","4,388.5","2,447.3","56,169.1","1,146.2",-,"1,79,539.1",-
Uttar Pradesh,2018-19   ,"15,545.3","32,741.3","3,948.8","2,408.0","54,643.4","1,330.8",-,"1,79,714.8",-
Uttar Pradesh,2017-18   ,"13,274.0","31,879.1","4,016.8","2,200.0","51,369.9","1,145.7",-,"1,77,033.3",-
Uttar Pradesh,2016-17   ,"13,754.0","30,056.0","3,909.0","2,184.4","49,903.1","1,050.2",-,"1,40,169.2",-
Uttar Pradesh,2015-16   ,"12,501.0","25,425.2","3,460.0","1,164.6","42,550.8",864.5,-,"1,45,385.0",-
Uttar Pradesh,2014-15   ,"12,167.9","22,417.4","3,570.0","1,438.7","39,594.0",787.2,-,"1,33,061.4",-
Uttar Pradesh,2013-14   ,"14,636.0","29,890.9","3,803.2","1,697.4","50,027.5",895.8,-,"1,34,688.6",-
Uttar Pradesh,2012-13   ,"14,416.0","30,301.9","3,695.5","2,332.0","50,745.4","1,030.5",-,"1,32,427.7",-
Uttar Pradesh,2011-12   ,"14,022.0","30,292.6","3,566.0","2,403.0","50,283.6",935.0,-,"1,28,819.0",-
Uttar Pradesh,2010-11   ,"11,992.0","30,001.0","3,217.6","2,037.0","47,247.6",919.5,-,"1,20,545.0",-
Uttar Pradesh,2009-10   ,"10,807.1","27,518.0","2,968.8","1,901.4","43,195.3",816.0,5.0,"1,17,140.0",-
Uttar Pradesh,2008-09   ,"13,097.0","28,554.0","3,080.2","1,998.1","46,729.3","1,164.5",0.8,"1,09,048.0",-
Uttar Pradesh,2007-08   ,"11,780.0","25,679.0","3,058.9","1,576.9","42,094.8","1,146.8",6.8,"1,24,665.3",-
Uttar Pradesh,2006-07   ,"11,124.0","25,031.0","3,084.4","1,975.1","41,214.5","1,033.3",7.0,"1,33,949.4",-
Uttar Pradesh,2005-06   ,"11,133.7","24,073.8","2,971.2","2,231.5","40,410.2","1,066.5",5.2,"1,25,469.9",-
Uttar Pradesh,2004-05   ,"9,555.6","22,513.9","3,391.8","2,375.0","37,836.3",952.3,5.1,"1,18,715.6",-
Uttar Pradesh,2003-04   ,"13,018.8","25,566.7","3,260.7","2,400.3","44,246.5",927.8,4.2,"1,12,754.0",-
Uttar Pradesh,2002-03   ,"9,594.9","23,612.4","2,732.3","2,202.0","38,141.6",881.4,4.4,"1,20,948.0",-
Uttar Pradesh,2001-02   ,"12,856.0","25,498.0","3,405.5","2,377.0","44,136.5","1,034.0",4.6,"1,17,982.0",-
Uttar Pradesh,2000-01   ,"11,679.2","25,168.3","3,707.1","2,160.3","42,714.9","1,144.6",4.8,"1,06,067.5",-
Uttar Pradesh,1999-00   ,"13,231.0","25,976.4","3,843.4","2,598.8","45,649.6","1,286.6",6.0,"1,15,418.9",-
Uttar Pradesh,1998-99   ,"11,386.6","23,465.2","3,241.9","2,323.5","40,417.2","1,088.7",0.8,"1,16,483.4",-
Uttar Pradesh,1997-98   ,"12,175.4","22,838.9","4,311.7","2,232.8","41,558.8","1,006.4",8.3,"1,29,266.7",-
Uttar Pradesh,1996-97   ,"11,767.7","24,049.6","3,939.4","2,625.4","42,382.1","1,538.8",7.3,"1,25,348.4",-
Uttar Pradesh,1995-96   ,"10,362.5","21,815.6","3,930.1","3,178.3","39,286.5","1,423.8",15.1,"1,19,830.4",0.4
Uttar Pradesh,1994-95   ,"10,365.0","22,560.2","3,803.3","3,497.8","40,226.3","1,378.9",11.6,"1,10,238.8",0.5
Uttar Pradesh,1993-94   ,"10,210.1","20,822.4","3,649.5","3,553.5","38,235.5","1,423.8",12.4,"1,04,081.6",1.7
Uttar Pradesh,1992-93   ,"9,709.3","19,834.3","4,167.0","3,550.5","37,261.1","1,202.2",13.5,"1,02,929.1",1.3
Uttar Pradesh,1991-92   ,"9,411.4","20,229.4","3,358.8","3,541.7","36,541.3","1,375.7",14.1,"1,11,098.2",2.4
Uttar Pradesh,1990-91   ,"10,260.3","18,600.1","4,038.8","3,844.4","36,743.6","1,342.7",16.4,"1,03,562.2",7.0
Uttar Pradesh,1989-90   ,"9,476.9","17,684.1","4,392.1","3,258.9","34,812.0","1,146.9",18.4,"97,422.3",13.8
Uttar Pradesh,1988-89   ,"9,287.5","19,611.3","3,741.5","3,486.7","36,127.0","1,160.8",16.7,"88,522.7",30.0
Uttar Pradesh,1987-88   ,"6,475.0","16,789.0","3,059.1","3,062.5","29,385.6",858.8,21.7,"93,054.0",45.2
Uttar Pradesh,1986-87   ,"7,509.3","16,235.9","3,876.3","3,338.3","30,959.8",916.7,23.9,"84,736.3",57.7
Uttar Pradesh,1985-86   ,"8,314.5","16,559.3","3,738.7","2,812.6","31,425.1","1,007.6",26.7,"73,036.8",81.8
Uttar Pradesh,1984-85   ,"7,156.9","15,675.0","4,367.9","2,688.9","29,888.7","1,113.4",22.2,"70,888.2",60.2
Uttar Pradesh,1983-84   ,"6,776.3","16,121.0","3,798.0","2,487.2","29,182.5","1,181.0",19.6,"78,243.8",58.3
Uttar Pradesh,1982-83   ,"5,644.8","15,258.2","3,038.9","2,541.5","26,483.4","1,336.4",28.3,"81,386.7",89.6
Uttar Pradesh,1981-82   ,"5,898.3","12,749.0","3,378.7","2,262.9","24,288.9","1,713.0",22.4,"76,440.1",75.5
Uttar Pradesh,1980-81   ,"5,569.7","13,385.0","3,467.6","2,523.6","24,945.9","1,652.0",30.6,"64,204.9",72.1
Uttarakhand,2022-23   ,641.7,847.6,250.8,60.3,"1,800.4",28.8,-,"3,760.0",-
Uttarakhand,2021-22   ,716.0,863.0,281.9,63.5,"1,924.4",27.5,-,"3,520.0",-
Uttarakhand,2020-21   ,714.9,955.3,270.3,61.3,"2,001.8",26.2,-,"3,680.0",-
Uttarakhand,2019-20   ,658.4,904.1,265.8,57.8,"1,886.0",25.1,-,"6,937.7",-
Uttarakhand,2018-19   ,617.6,951.6,251.7,55.3,"1,876.1",27.2,-,"6,329.3",-
Uttarakhand,2017-18   ,646.7,915.4,286.9,54.2,"1,903.2",26.6,-,"6,271.4",-
Uttarakhand,2016-17   ,630.0,882.0,308.0,53.0,"1,873.0",26.0,-,"6,477.0",-
Uttarakhand,2015-16   ,639.1,772.4,282.8,51.6,"1,745.9",35.6,-,"5,885.8",-
Uttarakhand,2014-15   ,603.7,654.2,313.6,54.6,"1,626.0",29.6,-,"6,165.1",-
Uttarakhand,2013-14   ,578.6,842.4,298.9,56.5,"1,776.5",34.1,-,"5,939.8",-
Uttarakhand,2012-13   ,579.8,858.2,338.4,51.3,"1,827.7",39.7,-,"6,784.8",-
Uttarakhand,2011-12   ,594.0,878.0,331.0,49.0,"1,852.0",32.5,-,"6,311.0",-
Uttarakhand,2010-11   ,550.4,878.0,335.0,52.1,"1,815.5",27.5,-,"6,497.6",-
Uttarakhand,2009-10   ,608.0,845.0,297.0,46.0,"1,796.0",33.0,-,"5,842.0",-
Uttarakhand,2008-09   ,582.0,797.0,347.0,39.0,"1,765.0",26.0,-,"5,590.0",-
Uttarakhand,2007-08   ,593.0,814.0,339.0,50.0,"1,796.0",29.0,-,"7,686.0",-
Uttarakhand,2006-07   ,556.0,801.0,344.0,34.0,"1,735.0",21.0,-,"6,100.0",-
Uttarakhand,2005-06   ,590.0,645.0,323.0,36.0,"1,594.0",30.0,-,"6,134.0",-
Uttarakhand,2004-05   ,572.0,803.0,358.0,28.0,"1,761.0",38.0,-,"6,441.0",-
Uttarakhand,2003-04   ,569.0,745.0,381.0,29.0,"1,724.0",34.0,-,"7,651.0",-
Uttarakhand,2002-03   ,483.0,750.0,297.0,29.1,"1,559.1",23.0,-,"7,331.7",-
Uttarakhand,2001-02   ,614.4,734.8,339.3,19.0,"1,707.5",17.7,-,"7,555.3",-
Uttarakhand,2000-01   ,621.5,714.6,368.5,21.8,"1,726.4",14.5,-,"7,349.2",-
West Bengal,2022-23   ,"15,636.9",543.6,"2,667.0",443.0,"19,290.5","1,277.5",0.8,"1,476.2","7,745.5"
West Bengal,2021-22   ,"16,728.7",655.8,"2,533.5",389.6,"20,307.6","1,194.0",0.3,"1,591.3","8,353.6"
West Bengal,2020-21   ,"16,524.4",594.7,"2,443.6",441.9,"20,004.6","1,112.3",0.9,"1,418.3","7,592.8"
West Bengal,2019-20   ,"15,881.4",509.9,"2,018.1",384.9,"18,794.3","1,015.7",-,"1,527.6","8,067.4"
West Bengal,2018-19   ,"16,242.2",337.8,"1,741.5",368.4,"18,689.9","1,163.6",-,"1,335.4","7,770.2"
West Bengal,2017-18   ,"14,967.0",312.0,"1,154.7",443.8,"16,877.5","1,134.1",-,"1,437.0","7,637.9"
West Bengal,2016-17   ,"15,302.5",862.7,721.6,259.7,"17,146.4",908.7,-,"1,549.8","8,349.6"
West Bengal,2015-16   ,"15,953.9",960.0,732.7,334.0,"17,980.6",926.9,-,"2,075.0","7,776.8"
West Bengal,2014-15   ,"14,677.2",939.3,678.9,236.5,"16,531.8",901.4,-,"2,105.5","8,453.7"
West Bengal,2013-14   ,"15,370.7",927.8,538.6,241.7,"17,078.9",909.9,-,"1,945.0","8,882.4"
West Bengal,2012-13   ,"15,023.7",895.9,434.6,192.3,"16,546.5",850.7,-,"1,617.0","8,310.8"
West Bengal,2011-12   ,"14,605.8",872.9,376.4,130.6,"15,985.7",672.4,-,"1,681.4","8,623.0"
West Bengal,2010-11   ,"13,045.9",874.4,370.4,176.1,"14,466.9",703.6,-,"1,134.1","8,214.2"
West Bengal,2009-10   ,"14,340.7",846.7,404.0,150.1,"15,741.5",727.1,3.3,"1,000.8","9,400.1"
West Bengal,2008-09   ,"15,037.3",764.5,365.4,128.5,"16,295.7",582.6,6.0,"1,638.3","7,965.5"
West Bengal,2007-08   ,"14,719.5",917.3,265.8,147.6,"16,050.2",705.1,13.2,"1,272.0","8,293.5"
West Bengal,2006-07   ,"14,745.9",799.9,274.7,154.0,"15,974.5",645.4,14.7,"1,266.7","8,506.0"
West Bengal,2005-06   ,"14,510.8",773.5,150.3,174.3,"15,608.9",610.4,6.0,"1,247.7","8,114.5"
West Bengal,2004-05   ,"14,884.8",841.5,162.0,167.1,"16,055.4",652.9,3.0,"1,033.2","7,934.8"
West Bengal,2003-04   ,"14,662.3",985.7,150.0,211.7,"16,009.7",650.7,2.8,"1,252.6","8,465.5"
West Bengal,2002-03   ,"14,389.2",887.4,77.9,167.6,"15,522.1",476.1,1.5,"1,281.3","8,578.1"
West Bengal,2001-02   ,"15,256.7",961.5,108.1,174.9,"16,501.2",495.3,4.5,"1,983.4","8,927.5"
West Bengal,2000-01   ,"12,428.1","1,058.6",109.0,219.3,"13,815.0",570.9,2.7,"1,465.6","7,512.0"
West Bengal,1999-00   ,"13,759.7",850.8,93.6,211.5,"14,915.6",406.2,2.0,"1,762.8","7,675.4"
West Bengal,1998-99   ,"13,316.5",778.1,146.5,126.1,"14,367.2",382.5,0.1,"2,001.9","7,454.6"
West Bengal,1997-98   ,"13,216.6",810.5,154.5,151.6,"14,333.2",387.7,0.5,"1,825.7","7,638.7"
West Bengal,1996-97   ,"12,636.8",839.0,109.0,171.5,"13,756.3",429.6,0.4,"1,810.3","7,572.7"
West Bengal,1995-96   ,"11,887.0",725.3,131.4,244.5,"12,988.2",372.1,0.3,"1,311.8","5,742.7"
West Bengal,1994-95   ,"12,235.9",744.5,163.6,244.4,"13,388.4",414.6,0.1,648.9,"5,988.2"
West Bengal,1993-94   ,"12,110.9",632.1,187.0,319.8,"13,249.8",416.2,0.1,542.4,"5,639.3"
West Bengal,1992-93   ,"11,445.4",587.3,157.6,372.3,"12,562.6",411.0,0.1,888.7,"5,437.9"
West Bengal,1991-92   ,"11,954.2",557.5,169.6,328.7,"13,010.0",451.0,0.2,969.3,"6,466.9"
West Bengal,1990-91   ,"10,436.5",530.2,110.1,367.4,"11,444.2",453.8,0.2,859.3,"5,542.1"
West Bengal,1989-90   ,"10,923.6",569.0,151.4,400.2,"12,044.2",418.3,0.1,"1,031.0","5,041.2"
West Bengal,1988-89   ,"10,559.8",625.0,121.8,377.1,"11,683.7",403.8,0.0,"1,162.4","4,579.5"
West Bengal,1987-88   ,"9,271.8",673.9,132.8,406.8,"10,485.3",506.2,0.6,691.5,"3,680.8"
West Bengal,1986-87   ,"8,463.0",682.6,265.6,337.5,"9,748.7",263.8,0.6,757.4,"5,023.8"
West Bengal,1985-86   ,"7,991.0",738.7,134.0,263.8,"9,127.5",233.8,0.2,812.1,"7,624.7"
West Bengal,1984-85   ,"8,092.6",812.2,130.5,221.1,"9,256.4",236.2,0.2,769.9,"4,464.9"
West Bengal,1983-84   ,"7,940.4",854.2,117.4,258.0,"9,170.0",195.2,0.3,"1,022.4","4,110.9"
West Bengal,1982-83   ,"4,949.1",605.5,100.0,197.6,"5,852.2",170.0,0.3,"1,599.6","3,885.2"
West Bengal,1981-82   ,"5,832.6",389.3,103.3,224.5,"6,549.7",176.0,0.2,"1,410.8","4,622.6"
West Bengal,1980-81   ,"7,465.6",473.2,104.4,237.8,"8,281.0",148.9,0.1,867.4,"4,702.1"
